S,G,D,base_cost,act_cost,search_cost,bespoke_zilch,bespoke_full,comp_zilch,comp_partial,comp_full,asymptotic_compositionality,max_compositionality,asymptotic_cost,max_cost,bespoke_cost,comp_cost
2,2,2,100,49,1,100,0,150,99.5,49,0.6666666666666655,0.6666666666666655,66.86111111111109,66.86111111111109,56.249999999999986,74.24999999999997
1,3,2,100,49,1,100,0,150,99.5,49,1.0,1.0,71.44444444444443,71.44444444444443,44.44444444444444,71.44444444444443
2,3,2,100,49,1,100,0,150,99.5,49,0.499999999999999,0.499999999999999,75.01041666666666,75.01041666666666,69.44444444444444,84.06944444444443
3,3,2,100,49,1,100,0,150,99.5,49,0.0,0.0,79.01234567901231,79.01234567901231,79.01234567901231,93.88888888888889
1,4,2,100,49,1,100,0,150,99.5,49,1.0,1.0,77.40624999999997,77.40624999999997,56.249999999999986,77.40624999999997
2,4,2,100,49,1,100,0,150,99.5,49,0.39999999999999947,0.39999999999999947,80.05999999999999,80.05999999999999,76.56249999999997,90.03124999999999
3,4,2,100,49,1,100,0,150,99.5,49,0.0,0.0,84.02777777777774,84.02777777777774,84.02777777777774,99.85069444444441
4,4,2,100,49,1,100,0,150,99.5,49,0.0,0.0,87.89062499999997,87.89062499999997,87.89062499999997,105.81249999999997
1,5,2,100,49,1,100,0,150,99.5,49,1.0,1.0,81.32,81.32,64.0,81.32
2,5,2,100,49,1,100,0,150,99.5,49,0.3333333333333319,0.3333333333333319,83.40944444444442,83.40944444444442,80.99999999999999,93.945
3,5,2,100,49,1,100,0,150,99.5,49,0.0,0.0,87.1111111111111,87.1111111111111,87.1111111111111,103.76444444444444
4,5,2,100,49,1,100,0,150,99.5,49,0.0,0.0,90.24999999999997,90.24999999999997,90.24999999999997,109.72625
5,5,2,100,49,1,100,0,150,99.5,49,0.0,0.0,92.15999999999997,92.15999999999997,92.15999999999997,113.63999999999999
1,6,2,100,49,1,100,0,150,99.5,49,1.0,1.0,84.06944444444443,84.06944444444443,69.44444444444444,84.06944444444443
2,6,2,100,49,1,100,0,150,99.5,49,0.2857142857142844,0.2857142857142844,85.78741496598636,85.78741496598636,84.02777777777774,96.69444444444443
3,6,2,100,49,1,100,0,150,99.5,49,0.0,0.0,89.1975308641975,89.1975308641975,89.1975308641975,106.51388888888889
4,6,2,100,49,1,100,0,150,99.5,49,0.0,0.0,91.84027777777777,91.84027777777777,91.84027777777777,112.47569444444441
5,6,2,100,49,1,100,0,150,99.5,49,0.0,0.0,93.44444444444441,93.44444444444441,93.44444444444441,116.38944444444444
6,6,2,100,49,1,100,0,150,99.5,49,0.0,0.0,94.52160493827158,94.52160493827158,94.52160493827158,119.13888888888887
1,7,2,100,49,1,100,0,150,99.5,49,1.0,1.0,86.10204081632652,86.10204081632652,73.46938775510205,86.10204081632652
2,7,2,100,49,1,100,0,150,99.5,49,0.24999999999999908,0.24999999999999908,87.56361607142856,87.56361607142856,86.22448979591834,98.72704081632652
3,7,2,100,49,1,100,0,150,99.5,49,0.0,0.0,90.70294784580496,90.70294784580496,90.70294784580496,108.54648526077096
4,7,2,100,49,1,100,0,150,99.5,49,0.0,0.0,92.98469387755101,92.98469387755101,92.98469387755101,114.50829081632651
5,7,2,100,49,1,100,0,150,99.5,49,0.0,0.0,94.36734693877548,94.36734693877548,94.36734693877548,118.42204081632651
6,7,2,100,49,1,100,0,150,99.5,49,0.0,0.0,95.29478458049884,95.29478458049884,95.29478458049884,121.17148526077095
7,7,2,100,49,1,100,0,150,99.5,49,0.0,0.0,95.96001665972508,95.96001665972508,95.96001665972508,123.20408163265306
1,8,2,100,49,1,100,0,150,99.5,49,1.0,1.0,87.66406249999997,87.66406249999997,76.56249999999997,87.66406249999997
2,8,2,100,49,1,100,0,150,99.5,49,0.2222222222222223,0.2222222222222223,88.94174382716048,88.94174382716048,87.89062499999997,100.28906249999997
3,8,2,100,49,1,100,0,150,99.5,49,0.0,0.0,91.84027777777777,91.84027777777777,91.84027777777777,110.10850694444443
4,8,2,100,49,1,100,0,150,99.5,49,0.0,0.0,93.84765624999997,93.84765624999997,93.84765624999997,116.07031249999997
5,8,2,100,49,1,100,0,150,99.5,49,0.0,0.0,95.06249999999997,95.06249999999997,95.06249999999997,119.9840625
6,8,2,100,49,1,100,0,150,99.5,49,0.0,0.0,95.87673611111109,95.87673611111109,95.87673611111109,122.73350694444441
7,8,2,100,49,1,100,0,150,99.5,49,0.0,0.0,96.46045918367344,96.46045918367344,96.46045918367344,124.76610331632651
8,8,2,100,49,1,100,0,150,99.5,49,0.0,0.0,96.89941406249997,96.89941406249997,96.89941406249997,126.32812499999997
1,9,2,100,49,1,100,0,150,99.5,49,1.0,1.0,88.90123456790121,88.90123456790121,79.01234567901231,88.90123456790121
2,9,2,100,49,1,100,0,150,99.5,49,0.19999999999999915,0.19999999999999915,90.04277777777774,90.04277777777774,89.1975308641975,101.52623456790121
3,9,2,100,49,1,100,0,150,99.5,49,0.0,0.0,92.72976680384086,92.72976680384086,92.72976680384086,111.34567901234567
4,9,2,100,49,1,100,0,150,99.5,49,0.0,0.0,94.52160493827158,94.52160493827158,94.52160493827158,117.3074845679012
5,9,2,100,49,1,100,0,150,99.5,49,0.0,0.0,95.60493827160491,95.60493827160491,95.60493827160491,121.2212345679012
6,9,2,100,49,1,100,0,150,99.5,49,0.0,0.0,96.33058984910835,96.33058984910835,96.33058984910835,123.97067901234566
7,9,2,100,49,1,100,0,150,99.5,49,0.0,0.0,96.85059208868732,96.85059208868732,96.85059208868732,126.00327538422773
8,9,2,100,49,1,100,0,150,99.5,49,0.0,0.0,97.241512345679,97.241512345679,97.241512345679,127.56529706790121
9,9,2,100,49,1,100,0,150,99.5,49,0.0,0.0,97.54610577655842,97.54610577655842,97.54610577655842,128.80246913580245
1,10,2,100,49,1,100,0,150,99.5,49,1.0,1.0,89.90499999999997,89.90499999999997,80.99999999999999,89.90499999999997
2,10,2,100,49,1,100,0,150,99.5,49,0.18181818181818096,0.18181818181818096,90.94305785123963,90.94305785123963,90.24999999999997,102.52999999999999
3,10,2,100,49,1,100,0,150,99.5,49,0.0,0.0,93.44444444444441,93.44444444444441,93.44444444444441,112.34944444444443
4,10,2,100,49,1,100,0,150,99.5,49,0.0,0.0,95.06249999999997,95.06249999999997,95.06249999999997,118.31124999999997
5,10,2,100,49,1,100,0,150,99.5,49,0.0,0.0,96.03999999999996,96.03999999999996,96.03999999999996,122.22499999999997
6,10,2,100,49,1,100,0,150,99.5,49,0.0,0.0,96.69444444444441,96.69444444444441,96.69444444444441,124.97444444444442
7,10,2,100,49,1,100,0,150,99.5,49,0.0,0.0,97.16326530612244,97.16326530612244,97.16326530612244,127.00704081632652
8,10,2,100,49,1,100,0,150,99.5,49,0.0,0.0,97.51562499999999,97.51562499999999,97.51562499999999,128.5690625
9,10,2,100,49,1,100,0,150,99.5,49,0.0,0.0,97.79012345679011,97.79012345679011,97.79012345679011,129.8062345679012
10,10,2,100,49,1,100,0,150,99.5,49,0.0,0.0,98.00999999999998,98.00999999999998,98.00999999999998,130.81
1,11,2,100,49,1,100,0,150,99.5,49,1.0,1.0,90.73553719008262,90.73553719008262,82.64462809917352,90.73553719008262
2,11,2,100,49,1,100,0,150,99.5,49,0.1666666666666671,0.1666666666666671,91.6931531221304,91.6931531221304,91.11570247933884,103.36053719008261
3,11,2,100,49,1,100,0,150,99.5,49,0.0,0.0,94.03122130394857,94.03122130394857,94.03122130394857,113.17998163452707
4,11,2,100,49,1,100,0,150,99.5,49,0.0,0.0,95.50619834710741,95.50619834710741,95.50619834710741,119.14178719008261
5,11,2,100,49,1,100,0,150,99.5,49,0.0,0.0,96.396694214876,96.396694214876,96.396694214876,123.05553719008262
6,11,2,100,49,1,100,0,150,99.5,49,0.0,0.0,96.9926538108356,96.9926538108356,96.9926538108356,125.80498163452708
7,11,2,100,49,1,100,0,150,99.5,49,0.0,0.0,97.41946365322987,97.41946365322987,97.41946365322987,127.83757800640916
8,11,2,100,49,1,100,0,150,99.5,49,0.0,0.0,97.7401859504132,97.7401859504132,97.7401859504132,129.39959969008262
9,11,2,100,49,1,100,0,150,99.5,49,0.0,0.0,97.99000102030404,97.99000102030404,97.99000102030404,130.63677175798384
10,11,2,100,49,1,100,0,150,99.5,49,0.0,0.0,98.19008264462809,98.19008264462809,98.19008264462809,131.6405371900826
11,11,2,100,49,1,100,0,150,99.5,49,0.0,0.0,98.35393757257016,98.35393757257016,98.35393757257016,132.47107438016525
1,12,2,100,49,1,100,0,150,99.5,49,1.0,1.0,91.43402777777774,91.43402777777774,84.02777777777774,91.43402777777774
2,12,2,100,49,1,100,0,150,99.5,49,0.15384615384615347,0.15384615384615347,92.32790927021695,92.32790927021695,91.84027777777777,104.05902777777776
3,12,2,100,49,1,100,0,150,99.5,49,0.0,0.0,94.52160493827158,94.52160493827158,94.52160493827158,113.8784722222222
4,12,2,100,49,1,100,0,150,99.5,49,0.0,0.0,95.87673611111109,95.87673611111109,95.87673611111109,119.84027777777774
5,12,2,100,49,1,100,0,150,99.5,49,0.0,0.0,96.69444444444441,96.69444444444441,96.69444444444441,123.75402777777775
6,12,2,100,49,1,100,0,150,99.5,49,0.0,0.0,97.241512345679,97.241512345679,97.241512345679,126.50347222222219
7,12,2,100,49,1,100,0,150,99.5,49,0.0,0.0,97.63321995464851,97.63321995464851,97.63321995464851,128.53606859410428
8,12,2,100,49,1,100,0,150,99.5,49,0.0,0.0,97.9275173611111,97.9275173611111,97.9275173611111,130.09809027777777
9,12,2,100,49,1,100,0,150,99.5,49,0.0,0.0,98.15672153635113,98.15672153635113,98.15672153635113,131.33526234567898
10,12,2,100,49,1,100,0,150,99.5,49,0.0,0.0,98.34027777777776,98.34027777777776,98.34027777777776,132.33902777777774
11,12,2,100,49,1,100,0,150,99.5,49,0.0,0.0,98.49058769513313,98.49058769513313,98.49058769513313,133.1695649678604
12,12,2,100,49,1,100,0,150,99.5,49,0.0,0.0,98.61593364197529,98.61593364197529,98.61593364197529,133.8680555555555
1,13,2,100,49,1,100,0,150,99.5,49,1.0,1.0,92.02958579881656,92.02958579881656,85.20710059171597,92.02958579881656
2,13,2,100,49,1,100,0,150,99.5,49,0.14285714285714302,0.14285714285714302,92.87213198889023,92.87213198889023,92.45562130177512,104.65458579881656
3,13,2,100,49,1,100,0,150,99.5,49,0.0,0.0,94.93754109138722,94.93754109138722,94.93754109138722,114.474030243261
4,13,2,100,49,1,100,0,150,99.5,49,0.0,0.0,96.19082840236683,96.19082840236683,96.19082840236683,120.43583579881656
5,13,2,100,49,1,100,0,150,99.5,49,0.0,0.0,96.94674556213016,96.94674556213016,96.94674556213016,124.34958579881656
6,13,2,100,49,1,100,0,150,99.5,49,0.0,0.0,97.45233399079551,97.45233399079551,97.45233399079551,127.099030243261
7,13,2,100,49,1,100,0,150,99.5,49,0.0,0.0,97.81427363844945,97.81427363844945,97.81427363844945,129.1316266151431
8,13,2,100,49,1,100,0,150,99.5,49,0.0,0.0,98.08616863905324,98.08616863905324,98.08616863905324,130.69364829881653
9,13,2,100,49,1,100,0,150,99.5,49,0.0,0.0,98.29790342610853,98.29790342610853,98.29790342610853,131.93082036671777
10,13,2,100,49,1,100,0,150,99.5,49,0.0,0.0,98.46745562130175,98.46745562130175,98.46745562130175,132.93458579881656
11,13,2,100,49,1,100,0,150,99.5,49,0.0,0.0,98.606288816079,98.606288816079,98.606288816079,133.7651229888992
12,13,2,100,49,1,100,0,150,99.5,49,0.0,0.0,98.72205785667323,98.72205785667323,98.72205785667323,134.46361357659433
13,13,2,100,49,1,100,0,150,99.5,49,0.0,0.0,98.8200693253037,98.8200693253037,98.8200693253037,135.05917159763314
1,14,2,100,49,1,100,0,150,99.5,49,1.0,1.0,92.54336734693875,92.54336734693875,86.22448979591834,92.54336734693875
2,14,2,100,49,1,100,0,150,99.5,49,0.13333333333333244,0.13333333333333244,93.34396825396823,93.34396825396823,92.98469387755101,105.16836734693875
3,14,2,100,49,1,100,0,150,99.5,49,0.0,0.0,95.29478458049884,95.29478458049884,95.29478458049884,114.9878117913832
4,14,2,100,49,1,100,0,150,99.5,49,0.0,0.0,96.46045918367344,96.46045918367344,96.46045918367344,120.94961734693875
5,14,2,100,49,1,100,0,150,99.5,49,0.0,0.0,97.16326530612244,97.16326530612244,97.16326530612244,124.86336734693874
6,14,2,100,49,1,100,0,150,99.5,49,0.0,0.0,97.63321995464851,97.63321995464851,97.63321995464851,127.61281179138321
7,14,2,100,49,1,100,0,150,99.5,49,0.0,0.0,97.96959600166595,97.96959600166595,97.96959600166595,129.6454081632653
8,14,2,100,49,1,100,0,150,99.5,49,0.0,0.0,98.2222576530612,98.2222576530612,98.2222576530612,131.20742984693877
9,14,2,100,49,1,100,0,150,99.5,49,0.0,0.0,98.41899722852102,98.41899722852102,98.41899722852102,132.44460191483998
10,14,2,100,49,1,100,0,150,99.5,49,0.0,0.0,98.57653061224488,98.57653061224488,98.57653061224488,133.44836734693877
11,14,2,100,49,1,100,0,150,99.5,49,0.0,0.0,98.70551526395681,98.70551526395681,98.70551526395681,134.2789045370214
12,14,2,100,49,1,100,0,150,99.5,49,0.0,0.0,98.81306689342402,98.81306689342402,98.81306689342402,134.9773951247165
13,14,2,100,49,1,100,0,150,99.5,49,0.0,0.0,98.9041178601618,98.9041178601618,98.9041178601618,135.57295314575535
14,14,2,100,49,1,100,0,150,99.5,49,0.0,0.0,98.98219491878383,98.98219491878383,98.98219491878383,136.08673469387753
2,2,20,100,49,1,100,0,150,99.5,49,0.0,0.0,0.3171211938933993,0.3171211938933993,0.3171211938933993,49.00009632110596
1,3,20,100,49,1,100,0,150,99.5,49,0.0,0.0,0.030072865982166963,0.030072865982166963,0.030072865982166963,49.01518679732099
2,3,20,100,49,1,100,0,150,99.5,49,0.0,0.0,2.608405330458885,2.608405330458885,2.608405330458885,49.01523495787398
3,3,20,100,49,1,100,0,150,99.5,49,0.05173306429332766,0.05173306429332766,9.861236425504817,9.861236425504817,9.483082985705693,49.030373594641986
1,4,20,100,49,1,100,0,150,99.5,49,0.0,0.0,0.3171211938933993,0.3171211938933993,0.3171211938933993,49.16014620291617
2,4,20,100,49,1,100,0,150,99.5,49,0.0,0.0,6.920875877393029,6.920875877393029,6.920875877393029,49.160194363469145
3,4,20,100,49,1,100,0,150,99.5,49,0.27610006601766995,0.27610006601766995,18.531921092174276,18.531921092174276,17.548046728482745,49.17533300023716
4,4,20,100,49,1,100,0,150,99.5,49,0.6073036795696413,0.6073036795696413,31.841176662207815,31.841176662207815,27.505878988833633,49.32029240583233
1,5,20,100,49,1,100,0,150,99.5,49,0.0,0.0,1.152921504606852,1.152921504606852,1.152921504606852,49.58222535982646
2,5,20,100,49,1,100,0,150,99.5,49,0.1441741531302312,0.1441741531302312,13.11947809661713,13.11947809661713,12.157665459056933,49.58227352037944
3,5,20,100,49,1,100,0,150,99.5,49,0.520680636937839,0.520680636937839,28.72677018378698,28.72677018378698,25.16144232366705,49.59741215714745
4,5,20,100,49,1,100,0,150,99.5,49,0.9907274986070066,0.9907274986070066,49.31666982480146,49.31666982480146,35.848592240854195,49.742371562742626
5,5,20,100,49,1,100,0,150,99.5,49,0.9993316085941417,0.9993316085941417,50.13468291891612,50.13468291891612,44.20024338794074,50.16445071965292
1,6,20,100,49,1,100,0,150,99.5,49,0.0,0.0,2.608405330458885,2.608405330458885,2.608405330458885,50.31724469188174
2,6,20,100,49,1,100,0,150,99.5,49,0.28922887308639933,0.28922887308639933,19.896223334120794,19.896223334120794,17.548046728482745,50.31729285243471
3,6,20,100,49,1,100,0,150,99.5,49,0.7964067121101694,0.7964067121101694,41.35186045064468,41.35186045064468,31.880735010388182,50.332431489202726
4,6,20,100,49,1,100,0,150,99.5,49,0.9995015378119689,0.9995015378119689,50.455298344611215,50.455298344611215,42.6905633769153,50.47739089479791
5,6,20,100,49,1,100,0,150,99.5,49,0.9990909271891579,0.9990909271891579,50.86066882065009,50.86066882065009,50.761548692356264,50.8994700517082
6,6,20,100,49,1,100,0,150,99.5,49,0.9984508571335615,0.9984508571335615,51.571529944854255,51.571529944854255,56.92602663480327,51.63448938376347
1,7,20,100,49,1,100,0,150,99.5,49,0.00861420302331646,0.00861420302331646,4.643812453863527,4.643812453863527,4.582096247806911,51.313958605142496
2,7,20,100,49,1,100,0,150,99.5,49,0.44301308864784006,0.44301308864784006,27.55866328250068,27.55866328250068,22.714664813170526,51.31400676569547
3,7,20,100,49,1,100,0,150,99.5,49,0.9997102662997532,0.9997102662997532,51.3164626821901,51.3164626821901,37.68894828730003,51.32914540246348
4,7,20,100,49,1,100,0,150,99.5,49,0.9994890385334374,0.9994890385334374,51.45234753807078,51.45234753807078,48.318634928258234,51.474104808058655
5,7,20,100,49,1,100,0,150,99.5,49,0.9987550566822128,0.9987550566822128,51.84545640592445,51.84545640592445,56.00379456467639,51.89618396496895
6,7,20,100,49,1,100,0,150,99.5,49,0.997680236257181,0.997680236257181,52.54179191390499,52.54179191390499,61.75773028082446,52.63120329702423
7,7,20,100,49,1,100,0,150,99.5,49,0.9963673210602789,0.9963673210602789,53.49603602837126,53.49603602837126,66.20688376704283,53.62791721028498
1,8,20,100,49,1,100,0,150,99.5,49,0.06556497608591784,0.06556497608591784,7.590294640430644,7.590294640430644,6.920875877393029,52.49504231808348
2,8,20,100,49,1,100,0,150,99.5,49,0.611655645985979,0.611655645985979,36.0287454937482,36.0287454937482,27.505878988833633,52.495090478636456
3,8,20,100,49,1,100,0,150,99.5,49,0.999874951675452,0.999874951675452,52.504930095408895,52.504930095408895,42.6905633769153,52.51022911540447
4,8,20,100,49,1,100,0,150,99.5,49,0.99941161450183,0.99941161450183,52.631096762012056,52.631096762012056,52.99492846831235,52.655188520999644
5,8,20,100,49,1,100,0,150,99.5,49,0.9983843940936286,0.9983843940936286,53.01435325512452,53.01435325512452,60.26876802191001,53.07726767790994
6,8,20,100,49,1,100,0,150,99.5,49,0.9968389307001515,0.9968389307001515,53.69659951723328,53.69659951723328,65.6345347660714,53.81228700996522
7,8,20,100,49,1,100,0,150,99.5,49,0.9949117113363194,0.9949117113363194,54.63479730460501,54.63479730460501,69.74181568270797,54.809000923225966
8,8,20,100,49,1,100,0,150,99.5,49,0.9927417669110173,0.9927417669110173,55.75737711673486,55.75737711673486,72.9812855990524,55.990084636166955
1,9,20,100,49,1,100,0,150,99.5,49,0.12070877236456343,0.12070877236456343,11.061956022690453,11.061956022690453,9.483082985705693,53.788956907781376
2,9,20,100,49,1,100,0,150,99.5,49,0.7974336683438015,0.7974336683438015,45.234667428505,45.234667428505,31.880735010388182,53.78900506833436
3,9,20,100,49,1,100,0,150,99.5,49,0.9998898613118254,0.9998898613118254,53.79961238573675,53.79961238573675,47.010154253936335,53.804143705102376
4,9,20,100,49,1,100,0,150,99.5,49,0.9993192786178509,0.9993192786178509,53.92220851075369,53.92220851075369,56.92602663480327,53.949103110697536
5,9,20,100,49,1,100,0,150,99.5,49,0.9980030021883576,0.9980030021883576,54.29657237270811,54.29657237270811,63.79744030578555,54.371182267607836
6,9,20,100,49,1,100,0,150,99.5,49,0.995968834734454,0.995968834734454,54.9655242614324,54.9655242614324,68.80851664652293,55.10620159966311
7,9,20,100,49,1,100,0,150,99.5,49,0.9933866326424258,0.9933866326424258,55.88843695441995,55.88843695441995,72.61440797228228,56.102915512923865
8,9,20,100,49,1,100,0,150,99.5,49,0.9904403467292,0.9904403467292,56.995655183526836,56.995655183526836,75.59917319059151,57.28399922586486
9,9,20,100,49,1,100,0,150,99.5,49,0.9872821156728446,0.9872821156728446,58.21951066947548,58.21951066947548,78.00085483221791,58.57791381556275
1,10,20,100,49,1,100,0,150,99.5,49,0.17701559276377415,0.17701559276377415,14.935645984493236,14.935645984493236,12.157665459056933,55.139621056823756
2,10,20,100,49,1,100,0,150,99.5,49,0.9995031703746025,0.9995031703746025,55.11871504282145,55.11871504282145,35.848592240854195,55.13966921737673
3,10,20,100,49,1,100,0,150,99.5,49,0.9998901755619105,0.9998901755619105,55.15040387514868,55.15040387514868,50.761548692356264,55.15480785414474
4,10,20,100,49,1,100,0,150,99.5,49,0.9992237141814777,0.9992237141814777,55.270036993022714,55.270036993022714,60.26876802191001,55.29976725973992
5,10,20,100,49,1,100,0,150,99.5,49,0.9976241619732515,0.9976241619732515,55.63624494763655,55.63624494763655,66.76079717550942,55.721846416650216
6,10,20,100,49,1,100,0,150,99.5,49,0.9950978688884103,0.9950978688884103,56.29281076981001,56.29281076981001,71.4521374790554,56.45686574870549
7,10,20,100,49,1,100,0,150,99.5,49,0.9918434256360324,0.9918434256360324,57.20145813982255,57.20145813982255,74.99304957780993,57.45357966196624
8,10,20,100,49,1,100,0,150,99.5,49,0.9880880511364808,0.9880880511364808,58.294449557166836,58.294449557166836,77.75746364225746,58.634663374907234
9,10,20,100,49,1,100,0,150,99.5,49,0.984025205272702,0.984025205272702,59.50515199291863,59.50515199291863,79.97420730692424,59.928577964605125
10,10,20,100,49,1,100,0,150,99.5,49,0.9798023627664024,0.9798023627664024,60.77904930410492,60.77904930410492,81.79069375972307,61.2792421136475
1,11,20,100,49,1,100,0,150,99.5,49,0.2366157775629755,0.2366157775629755,19.133912801025833,19.133912801025833,14.864362802414355,56.50650321521925
2,11,20,100,49,1,100,0,150,99.5,49,0.9999984406232909,0.9999984406232909,56.50648653139144,56.50648653139144,39.43957971208016,56.50655137577223
3,11,20,100,49,1,100,0,150,99.5,49,0.9998863781192391,0.9998863781192391,56.517230758390575,56.517230758390575,54.040675480499125,56.52169001254025
4,11,20,100,49,1,100,0,150,99.5,49,0.99912939486626,0.99912939486626,56.63417081589106,56.63417081589106,63.14159988458924,56.66664941813542
5,11,20,100,49,1,100,0,150,99.5,49,0.9972555045255714,0.9972555045255714,56.99283912378624,56.99283912378624,69.28215799268106,57.08872857504571
6,11,20,100,49,1,100,0,150,99.5,49,0.9942437774231376,0.9942437774231376,57.6378719986033,57.6378719986033,73.68658370714144,57.823747907100994
7,11,20,100,49,1,100,0,150,99.5,49,0.9903162060348356,0.9903162060348356,58.533243398478774,58.533243398478774,76.99408145210016,58.820461820361736
8,11,20,100,49,1,100,0,150,99.5,49,0.9857402221041585,0.9857402221041585,59.6131051859531,59.6131051859531,79.56674820972852,60.00154553330273
9,11,20,100,49,1,100,0,150,99.5,49,0.9807495188065146,0.9807495188065146,60.811866819223475,60.811866819223475,81.62395268541556,61.29546012300062
10,11,20,100,49,1,100,0,150,99.5,49,0.9755259890856238,0.9755259890856238,62.07535564476143,62.07535564476143,83.30599494601428,62.646124272043
11,11,20,100,49,1,100,0,150,99.5,49,0.9702036015230557,0.9702036015230557,63.362707536501034,63.362707536501034,84.70665158582914,64.01300643043851
1,12,20,100,49,1,100,0,150,99.5,49,0.30092485897007,0.30092485897007,23.613831802244484,23.613831802244484,17.548046728482745,57.86176359788379
2,12,20,100,49,1,100,0,150,99.5,49,0.999998995872709,0.999998995872709,57.861770479133526,57.861770479133526,42.6905633769153,57.86181175843676
3,12,20,100,49,1,100,0,150,99.5,49,0.9998811006926991,0.9998811006926991,57.87236529186225,57.87236529186225,56.92602663480327,57.87695039520479
4,12,20,100,49,1,100,0,150,99.5,49,0.9990383409073493,0.9990383409073493,57.986799385570976,57.986799385570976,65.6345347660714,58.02190980079995
5,12,20,100,49,1,100,0,150,99.5,49,0.9969012674247644,0.9969012674247644,58.338437616590475,58.338437616590475,71.4521374790554,58.44398895771025
6,12,20,100,49,1,100,0,150,99.5,49,0.9934172800872964,0.9934172800872964,58.9726658729879,58.9726658729879,75.59917319059151,59.17900828976552
7,12,20,100,49,1,100,0,150,99.5,49,0.9888266631123594,0.9888266631123594,59.85559979627719,59.85559979627719,78.7002525983195,60.17572220302628
8,12,20,100,49,1,100,0,150,99.5,49,0.983433402227783,0.983433402227783,60.92324095143313,60.92324095143313,81.10496570395557,61.356805915967264
9,12,20,100,49,1,100,0,150,99.5,49,0.9775094374639867,0.9775094374639867,62.111046649732145,62.111046649732145,83.02338646457399,62.65072050566516
10,12,20,100,49,1,100,0,150,99.5,49,0.9712703826837494,0.9712703826837494,63.36520379874227,63.36520379874227,84.58908104138044,64.00138465470754
11,12,20,100,49,1,100,0,150,99.5,49,0.9648778574854708,0.9648778574854708,64.64477838955193,64.64477838955193,85.89092680152389,65.36826681310303
12,12,20,100,49,1,100,0,150,99.5,49,0.9584492080934349,0.9584492080934349,65.92034548904687,65.92034548904687,86.9903157870412,66.72352719576757
1,13,20,100,49,1,100,0,150,99.5,49,0.3706433509300646,0.3706433509300646,28.349542389561705,28.349542389561705,20.172414101176184,59.18706912109398
2,13,20,100,49,1,100,0,150,99.5,49,0.9999991663428811,0.9999991663428811,59.187083317911316,59.187083317911316,45.63869462012927,59.18711728164695
3,13,20,100,49,1,100,0,150,99.5,49,0.9998753013906561,0.9998753013906561,59.197513976725475,59.197513976725475,59.48120961726288,59.20225591841496
4,13,20,100,49,1,100,0,150,99.5,49,0.9989514758714527,0.9989514758714527,59.30958887869416,59.30958887869416,67.81669942663233,59.34721532401014
5,13,20,100,49,1,100,0,150,99.5,49,0.9965635874598419,0.9965635874598419,59.654612576023865,59.654612576023865,73.33855467540388,59.76929448092043
6,13,20,100,49,1,100,0,150,99.5,49,0.9926243963908572,0.9926243963908572,60.27862808152514,60.27862808152514,77.25426226984423,60.50431381297571
7,13,20,100,49,1,100,0,150,99.5,49,0.9873878829038301,0.9873878829038301,61.14978436015194,61.14978436015194,80.17193069334442,61.50102772623646
8,13,20,100,49,1,100,0,150,99.5,49,0.9811907701939172,0.9811907701939172,62.20588895311727,62.20588895311727,82.42855908906202,62.68211143917745
9,13,20,100,49,1,100,0,150,99.5,49,0.9743407754722675,0.9743407754722675,63.38345313421411,63.38345313421411,84.22529671405013,63.97602602887535
10,13,20,100,49,1,100,0,150,99.5,49,0.9670859520141427,0.9670859520141427,64.62904669167425,64.62904669167425,85.68941143416018,65.32669017791773
11,13,20,100,49,1,100,0,150,99.5,49,0.9596151511481066,0.9596151511481066,65.90168555011103,65.90168555011103,86.90527503735467,66.69357233631322
12,13,20,100,49,1,100,0,150,99.5,49,0.9520677078663459,0.9520677078663459,67.17167267981151,67.17167267981151,87.93099677937111,68.04883271897776
13,13,20,100,49,1,100,0,150,99.5,49,0.9445442555946398,0.9445442555946398,68.41842354140371,68.41842354140371,88.80788806304413,69.37413824218794
1,14,20,100,49,1,100,0,150,99.5,49,0.445893008245705,0.445893008245705,33.319746845999916,33.319746845999916,22.714664813170526,60.47090573065112
2,14,20,100,49,1,100,0,150,99.5,49,0.9999992418043699,0.9999992418043699,60.47092321381737,60.47092321381737,48.318634928258234,60.47095389120409
3,14,20,100,49,1,100,0,150,99.5,49,0.9998693977878694,0.9998693977878694,60.48117967214029,60.48117967214029,61.75773028082446,60.486092527972104
4,14,20,100,49,1,100,0,150,99.5,49,0.9988691641125038,0.9988691641125038,60.59101539688884,60.59101539688884,69.74181568270797,60.63105193356728
5,14,20,100,49,1,100,0,150,99.5,49,0.9962432990285377,0.9962432990285377,60.929762376539614,60.929762376539614,74.99304957780993,61.053131090477564
6,14,20,100,49,1,100,0,150,99.5,49,0.9918680642015341,0.9918680642015341,61.54403523742458,61.54403523742458,78.7002525983195,61.78815042253285
7,14,20,100,49,1,100,0,150,99.5,49,0.9860071299582608,0.9860071299582608,62.403910183418034,62.403910183418034,81.45414164201034,62.78486433579361
8,14,20,100,49,1,100,0,150,99.5,49,0.9790262301646238,0.9790262301646238,63.448955073148355,63.448955073148355,83.57937560232246,63.96594804873459
9,14,20,100,49,1,100,0,150,99.5,49,0.9712661774582041,0.9712661774582041,64.61674149526867,64.61674149526867,85.2686442391465,65.2598626384325
10,14,20,100,49,1,100,0,150,99.5,49,0.9630058318384379,0.9630058318384379,65.85425021506825,65.85425021506825,86.64336115336529,66.61052678747487
11,14,20,100,49,1,100,0,150,99.5,49,0.9544604683427012,0.9544604683427012,67.1204752570678,67.1204752570678,87.78376420158295,67.97740894587037
12,14,20,100,49,1,100,0,150,99.5,49,0.9457911832626725,0.9457911832626725,68.38546618516162,68.38546618516162,88.7449784809114,69.3326693285349
13,14,20,100,49,1,100,0,150,99.5,49,0.9371161224059138,0.9371161224059138,69.62829386366921,69.62829386366921,89.56611518986053,70.6579748517451
14,14,20,100,49,1,100,0,150,99.5,49,0.9285204992525975,0.9285204992525975,70.83496181516199,70.83496181516199,90.27568658814505,71.94181146130224
2,2,100,100,49,1,100,0,150,99.5,49,0.0,0.0,3.207434318142077e-11,3.207434318142077e-11,3.207434318142077e-11,49.0
1,3,100,100,49,1,100,0,150,99.5,49,0.0,0.0,0.0,0.0,0.0,49.0
2,3,100,100,49,1,100,0,150,99.5,49,0.0,0.0,1.2074673483297715e-6,1.2074673483297715e-6,1.2074673483297715e-6,49.0
3,3,100,100,49,1,100,0,150,99.5,49,0.0,0.0,0.0007669159237222445,0.0007669159237222445,0.0007669159237222445,49.0
1,4,100,100,49,1,100,0,150,99.5,49,0.0,0.0,3.207434318142077e-11,3.207434318142077e-11,3.207434318142077e-11,49.00000000001619
2,4,100,100,49,1,100,0,150,99.5,49,0.0,0.0,0.0001587834749683381,0.0001587834749683381,0.0001587834749683381,49.00000000001619
3,4,100,100,49,1,100,0,150,99.5,49,0.0,0.0,0.016639639425330977,0.016639639425330977,0.016639639425330977,49.00000000001619
4,4,100,100,49,1,100,0,150,99.5,49,0.0,0.0,0.15744455290145343,0.15744455290145343,0.15744455290145343,49.000000000032394
1,5,100,100,49,1,100,0,150,99.5,49,0.0,0.0,2.0370360953592126e-8,2.0370360953592126e-8,2.0370360953592126e-8,49.00000001028703
2,5,100,100,49,1,100,0,150,99.5,49,0.0,0.0,0.0026561398887570142,0.0026561398887570142,0.0026561398887570142,49.00000001028703
3,5,100,100,49,1,100,0,150,99.5,49,0.0,0.0,0.10085040863240247,0.10085040863240247,0.10085040863240247,49.00000001028703
4,5,100,100,49,1,100,0,150,99.5,49,0.0,0.0,0.5920529220334037,0.5920529220334037,0.5920529220334037,49.00000001030323
5,5,100,100,49,1,100,0,150,99.5,49,0.0,0.0,1.687031935884964,1.687031935884964,1.687031935884964,49.00000002057406
1,6,100,100,49,1,100,0,150,99.5,49,0.0,0.0,1.2074673483297715e-6,1.2074673483297715e-6,1.2074673483297715e-6,49.00000060977101
2,6,100,100,49,1,100,0,150,99.5,49,0.0,0.0,0.016639639425330977,0.016639639425330977,0.016639639425330977,49.00000060977101
3,6,100,100,49,1,100,0,150,99.5,49,0.0,0.0,0.32933783597506316,0.32933783597506316,0.32933783597506316,49.00000060977101
4,6,100,100,49,1,100,0,150,99.5,49,0.0,0.0,1.4179451471469373,1.4179451471469373,1.4179451471469373,49.00000060978721
5,6,100,100,49,1,100,0,150,99.5,49,0.011461315108879279,0.011461315108879279,3.3875308154675325,3.3875308154675325,3.370344681193338,49.00000062005804
6,6,100,100,49,1,100,0,150,99.5,49,0.06069310979811367,0.06069310979811367,5.491008865775293,5.491008865775293,5.977978631418413,49.00000121954202
1,7,100,100,49,1,100,0,150,99.5,49,0.0,0.0,2.0198589212316875e-5,2.0198589212316875e-5,2.0198589212316875e-5,49.00001020028755
2,7,100,100,49,1,100,0,150,99.5,49,0.0,0.0,0.06046884354122817,0.06046884354122817,0.06046884354122817,49.00001020028755
3,7,100,100,49,1,100,0,150,99.5,49,0.0,0.0,0.7604489997873443,0.7604489997873443,0.7604489997873443,49.00001020028755
4,7,100,100,49,1,100,0,150,99.5,49,0.0,0.0,2.633742316741805,2.633742316741805,2.633742316741805,49.00001020030375
5,7,100,100,49,1,100,0,150,99.5,49,0.052847090960068815,0.052847090960068815,5.159233817850248,5.159233817850248,5.509183894438296,49.00001021057458
6,7,100,100,49,1,100,0,150,99.5,49,0.1149431746675678,0.1149431746675678,7.565863748686093,7.565863748686093,8.983728782936684,49.00001081005856
7,7,100,100,49,1,100,0,150,99.5,49,0.18632090941768828,0.18632090941768828,10.345939777238394,10.345939777238394,12.720838374875786,49.0000204005751
1,8,100,100,49,1,100,0,150,99.5,49,0.0,0.0,0.0001587834749683381,0.0001587834749683381,0.0001587834749683381,49.00008018565486
2,8,100,100,49,1,100,0,150,99.5,49,0.0,0.0,0.15744455290145343,0.15744455290145343,0.15744455290145343,49.00008018565486
3,8,100,100,49,1,100,0,150,99.5,49,0.0,0.0,1.4179451471469373,1.4179451471469373,1.4179451471469373,49.00008018565486
4,8,100,100,49,1,100,0,150,99.5,49,0.030695471327931396,0.030695471327931396,4.1092432352676225,4.1092432352676225,4.179954471660341,49.00008018567106
5,8,100,100,49,1,100,0,150,99.5,49,0.09696169837739517,0.09696169837739517,6.918094808478945,6.918094808478945,7.951728986183138,49.00008019594189
6,8,100,100,49,1,100,0,150,99.5,49,0.17562622900807173,0.17562622900807173,9.971747363441722,9.971747363441722,12.180414174825128,49.00008079542587
7,8,100,100,49,1,100,0,150,99.5,49,0.2680642737760593,0.2680642737760593,13.822196775515533,13.822196775515533,16.499327718122604,49.000090385942414
8,8,100,100,49,1,100,0,150,99.5,49,0.3744259344760619,0.3744259344760619,18.645325209771592,18.645325209771592,20.70415674758945,49.00016037130971
1,9,100,100,49,1,100,0,150,99.5,49,0.0,0.0,0.0007669159237222445,0.0007669159237222445,0.0007669159237222445,49.00038729254148
2,9,100,100,49,1,100,0,150,99.5,49,0.0,0.0,0.32933783597506316,0.32933783597506316,0.32933783597506316,49.00038729254148
3,9,100,100,49,1,100,0,150,99.5,49,0.0,0.0,2.295928616738674,2.295928616738674,2.295928616738674,49.00038729254148
4,9,100,100,49,1,100,0,150,99.5,49,0.06386411288440465,0.06386411288440465,5.55887492097909,5.55887492097909,5.977978631418413,49.000387292557676
5,9,100,100,49,1,100,0,150,99.5,49,0.1449831931970195,0.1449831931970195,8.887472351433859,8.887472351433859,10.568571042112962,49.00038730282851
6,9,100,100,49,1,100,0,150,99.5,49,0.24371386471343082,0.24371386471343082,12.88608369594832,12.88608369594832,15.424495841827168,49.00038790231249
7,9,100,100,49,1,100,0,150,99.5,49,0.36039885165793323,0.36039885165793323,18.03952438041013,18.03952438041013,20.1889626446488,49.00039749282904
8,9,100,100,49,1,100,0,150,99.5,49,0.49392439166746066,0.49392439166746066,24.327615613913867,24.327615613913867,24.693646615795693,49.000467478196335
9,9,100,100,49,1,100,0,150,99.5,49,0.6426679490627585,0.6426679490627585,31.528750088476656,31.528750088476656,28.873325797798532,49.00077458508296
1,10,100,100,49,1,100,0,150,99.5,49,0.0,0.0,0.0026561398887570142,0.0026561398887570142,0.0026561398887570142,49.00134135064383
2,10,100,100,49,1,100,0,150,99.5,49,0.0,0.0,0.5920529220334037,0.5920529220334037,0.5920529220334037,49.00134135064383
3,10,100,100,49,1,100,0,150,99.5,49,0.021286841869273022,0.021286841869273022,3.3747646016001633,3.3747646016001633,3.370344681193338,49.00134135064383
4,10,100,100,49,1,100,0,150,99.5,49,0.09877087485008942,0.09877087485008942,7.109403606593991,7.109403606593991,7.951728986183138,49.00134135066002
5,10,100,100,49,1,100,0,150,99.5,49,0.19781246631056076,0.19781246631056076,11.172487566282756,11.172487566282756,13.261955589475294,49.00134136093085
6,10,100,100,49,1,100,0,150,99.5,49,0.31959119510454487,0.31959119510454487,16.327211927445035,16.327211927445035,18.624135635378526,49.001341960414834
7,10,100,100,49,1,100,0,150,99.5,49,0.4628820179867522,0.4628820179867522,22.901732501431052,22.901732501431052,23.71947500271505,49.001351550931375
8,10,100,100,49,1,100,0,150,99.5,49,0.6254393919698749,0.6254393919698749,30.70334256323976,30.70334256323976,28.425651669511343,49.00142153629868
9,10,100,100,49,1,100,0,150,99.5,49,0.8050874521953804,0.8050874521953804,39.46170303159338,39.46170303159338,32.71521061506733,49.0017286431853
10,10,100,100,49,1,100,0,150,99.5,49,0.9999622311883104,0.9999622311883104,49.000833042222624,49.000833042222624,36.603234127322914,49.00268270128764
1,11,100,100,49,1,100,0,150,99.5,49,0.0,0.0,0.007256571590152916,0.007256571590152916,0.007256571590152916,49.00366456865302
2,11,100,100,49,1,100,0,150,99.5,49,0.0,0.0,0.9542482917562434,0.9542482917562434,0.9542482917562434,49.00366456865302
3,11,100,100,49,1,100,0,150,99.5,49,0.04429349274668825,0.04429349274668825,4.503265006572636,4.503265006572636,4.60896960639241,49.00366456865302
4,11,100,100,49,1,100,0,150,99.5,49,0.1361969870856369,0.1361969870856369,8.82579492333349,8.82579492333349,10.036398788523826,49.00366456866922
5,11,100,100,49,1,100,0,150,99.5,49,0.2559847912884997,0.2559847912884997,13.79425667947659,13.79425667947659,15.96272503787487,49.00366457894006
6,11,100,100,49,1,100,0,150,99.5,49,0.40313283106314635,0.40313283106314635,20.241735232431335,20.241735232431335,21.724115848679894,49.003665178424036
7,11,100,100,49,1,100,0,150,99.5,49,0.5747858260120541,0.5747858260120541,28.30119566987726,28.30119566987726,27.057440421226907,49.00367476894058
8,11,100,100,49,1,100,0,150,99.5,49,0.767883384737877,0.767883384737877,37.655216907746386,37.655216907746386,31.8902590308888,49.00374475430789
9,11,100,100,49,1,100,0,150,99.5,49,0.9798668208623937,0.9798668208623937,48.01834298008494,48.01834298008494,36.231649758991715,49.00405186119451
10,11,100,100,49,1,100,0,150,99.5,49,0.9999999787980809,0.9999999787980809,49.00500487946189,49.00500487946189,40.12188033073439,49.00500591929685
11,11,100,100,49,1,100,0,150,99.5,49,0.9999999696590441,0.9999999696590441,49.007327647355005,49.007327647355005,43.61014926262854,49.00732913730605
1,12,100,100,49,1,100,0,150,99.5,49,0.0,0.0,0.016639639425330977,0.016639639425330977,0.016639639425330977,49.00840301790979
2,12,100,100,49,1,100,0,150,99.5,49,0.0,0.0,1.4179451471469373,1.4179451471469373,1.4179451471469373,49.00840301790979
3,12,100,100,49,1,100,0,150,99.5,49,0.06792811470984396,0.06792811470984396,5.718853961969059,5.718853961969059,5.977978631418413,49.00840301790979
4,12,100,100,49,1,100,0,150,99.5,49,0.1767369376868818,0.1767369376868818,10.727634834977053,10.727634834977053,12.180414174825128,49.008403017925986
5,12,100,100,49,1,100,0,150,99.5,49,0.3196588190095488,0.3196588190095488,16.734954401854278,16.734954401854278,18.624135635378526,49.00840302819682
6,12,100,100,49,1,100,0,150,99.5,49,0.49393146975795527,0.49393146975795527,24.568675676551344,24.568675676551344,24.693646615795693,49.008403627680806
7,12,100,100,49,1,100,0,150,99.5,49,0.6953583274788132,0.6953583274788132,34.16128941088921,34.16128941088921,30.191217816638684,49.00841321819734
8,12,100,100,49,1,100,0,150,99.5,49,0.9203058685315263,0.9203058685315263,45.1110220830595,45.1110220830595,35.09435176891491,49.00848320356465
9,12,100,100,49,1,100,0,150,99.5,49,0.9999999827723663,0.9999999827723663,49.0087894662674,49.0087894662674,39.44593182851226,49.008790310451275
10,12,100,100,49,1,100,0,150,99.5,49,0.9999999734816608,0.9999999734816608,49.00974306692074,49.00974306692074,43.30833968710102,49.00974436855362
11,12,100,100,49,1,100,0,150,99.5,49,0.9999999501919278,0.9999999501919278,49.012065139024735,49.012065139024735,46.745137866301434,49.01206758656282
12,12,100,100,49,1,100,0,150,99.5,49,0.9999999093853704,0.9999999093853704,49.01680158070554,49.01680158070554,49.814357932721705,49.016806035819585
1,13,100,100,49,1,100,0,150,99.5,49,0.0,0.0,0.033403300003986836,0.033403300003986836,0.033403300003986836,49.01686866650201
2,13,100,100,49,1,100,0,150,99.5,49,0.004450279089160201,0.004450279089160201,1.9920138582077074,1.9920138582077074,1.9800040113920336,49.01686866650201
3,13,100,100,49,1,100,0,150,99.5,49,0.09268896845202153,0.09268896845202153,7.037940143697971,7.037940143697971,7.445587281233379,49.01686866650201
4,13,100,100,49,1,100,0,150,99.5,49,0.22076401205243204,0.22076401205243204,12.812406149120964,12.812406149120964,14.344428375255248,49.016868666518214
5,13,100,100,49,1,100,0,150,99.5,49,0.38871551150441513,0.38871551150441513,19.968428348038444,19.968428348038444,21.215913404699073,49.016868676789045
6,13,100,100,49,1,100,0,150,99.5,49,0.5914976312385731,0.5914976312385731,29.260919732838147,29.260919732838147,27.517707385922098,49.01686927627303
7,13,100,100,49,1,100,0,150,99.5,49,0.8239189983594022,0.8239189983594022,40.43104887193878,40.43104887193878,33.12163079649939,49.01687886678956
8,13,100,100,49,1,100,0,150,99.5,49,0.999999986209874,0.999999986209874,49.01694817762109,49.01694817762109,38.052968415562624,49.016948852156865
9,13,100,100,49,1,100,0,150,99.5,49,0.9999999823691111,0.9999999823691111,49.01725509485,49.01725509485,42.3850547101092,49.01725595904349
10,13,100,100,49,1,100,0,150,99.5,49,0.9999999615529764,0.9999999615529764,49.01820812976237,49.01820812976237,46.19934297180488,49.01821001714583
11,13,100,100,49,1,100,0,150,99.5,49,0.9999999193899752,0.9999999193899752,49.02052927405263,49.02052927405263,49.57134376628205,49.02053323515504
12,13,100,100,49,1,100,0,150,99.5,49,0.999999845164339,0.999999845164339,49.0252640727524,49.0252640727524,52.566611348593476,49.025271684411805
13,13,100,100,49,1,100,0,150,99.5,49,0.9999997267134301,0.9999997267134301,49.03372390130639,49.03372390130639,55.24051403630822,49.03373733300403
1,14,100,100,49,1,100,0,150,99.5,49,0.0,0.0,0.06046884354122817,0.06046884354122817,0.06046884354122817,49.03053676598832
2,14,100,100,49,1,100,0,150,99.5,49,0.017544893296927842,0.017544893296927842,2.664895903084246,2.664895903084246,2.633742316741805,49.03053676598832
3,14,100,100,49,1,100,0,150,99.5,49,0.11898802061686399,0.11898802061686399,8.461069277009841,8.461069277009841,8.983728782936684,49.03053676598832
4,14,100,100,49,1,100,0,150,99.5,49,0.26843054854532483,0.26843054854532483,15.071143122572941,15.071143122572941,16.499327718122604,49.030536766004516
5,14,100,100,49,1,100,0,150,99.5,49,0.4628957156105877,0.4628957156105877,23.472171877263325,23.472171877263325,23.71947500271505,49.030536776275355
6,14,100,100,49,1,100,0,150,99.5,49,0.695358564599969,0.695358564599969,34.283947338193826,34.283947338193826,30.191217816638684,49.03053737575933
7,14,100,100,49,1,100,0,150,99.5,49,0.9598725759561242,0.9598725759561242,47.07354697864109,47.07354697864109,35.85633174879831,49.03054696627587
8,14,100,100,49,1,100,0,150,99.5,49,0.9999999910386381,0.9999999910386381,49.03061651342772,49.03061651342772,40.78454406538208,49.03061695164318
9,14,100,100,49,1,100,0,150,99.5,49,0.9999999775261863,0.9999999775261863,49.030922957468995,49.030922957468995,45.076147262644724,49.0309240585298
10,14,100,100,49,1,100,0,150,99.5,49,0.9999999437851452,0.9999999437851452,49.03187535870514,49.03187535870514,48.828845675045365,49.03187811663214
11,14,100,100,49,1,100,0,150,99.5,49,0.9999998748614735,0.9999998748614735,49.03419518995459,49.03419518995459,52.12799225633887,49.03420133464135
12,14,100,100,49,1,100,0,150,99.5,49,0.999999751413403,0.999999751413403,49.03892757369644,49.03892757369644,55.04513512547653,49.038939783898115
13,14,100,100,49,1,100,0,150,99.5,49,0.9999995516866955,0.9999995516866955,49.04738341887764,49.04738341887764,57.63929874218139,49.047405432490336
14,14,100,100,49,1,100,0,150,99.5,49,0.999999253460027,0.999999253460027,49.06103691153679,49.06103691153679,59.95894747599433,49.06107353197664
2,2,200,100,49,1,100,0,150,99.5,49,0.0,0.0,0.0,0.0,0.0,49.0
1,3,200,100,49,1,100,0,150,99.5,49,0.0,0.0,0.0,0.0,0.0,49.0
2,3,200,100,49,1,100,0,150,99.5,49,0.0,0.0,1.1102230246251565e-14,1.1102230246251565e-14,1.1102230246251565e-14,49.0
3,3,200,100,49,1,100,0,150,99.5,49,0.0,0.0,5.881595210865953e-9,5.881595210865953e-9,5.881595210865953e-9,49.0
1,4,200,100,49,1,100,0,150,99.5,49,0.0,0.0,0.0,0.0,0.0,49.0
2,4,200,100,49,1,100,0,150,99.5,49,0.0,0.0,2.521205466621268e-10,2.521205466621268e-10,2.521205466621268e-10,49.0
3,4,200,100,49,1,100,0,150,99.5,49,0.0,0.0,2.7687759973638038e-6,2.7687759973638038e-6,2.7687759973638038e-6,49.0
4,4,200,100,49,1,100,0,150,99.5,49,0.0,0.0,0.00024788787238438914,0.00024788787238438914,0.00024788787238438914,49.0
1,5,200,100,49,1,100,0,150,99.5,49,0.0,0.0,0.0,0.0,0.0,49.0
2,5,200,100,49,1,100,0,150,99.5,49,0.0,0.0,7.055078743434251e-8,7.055078743434251e-8,7.055078743434251e-8,49.0
3,5,200,100,49,1,100,0,150,99.5,49,0.0,0.0,0.00010170804921605381,0.00010170804921605381,0.00010170804921605381,49.0
4,5,200,100,49,1,100,0,150,99.5,49,0.0,0.0,0.0035052666248813757,0.0035052666248813757,0.0035052666248813757,49.0
5,5,200,100,49,1,100,0,150,99.5,49,0.0,0.0,0.02846076752696103,0.02846076752696103,0.02846076752696103,49.0
1,6,200,100,49,1,100,0,150,99.5,49,0.0,0.0,1.1102230246251565e-14,1.1102230246251565e-14,1.1102230246251565e-14,49.00000000000001
2,6,200,100,49,1,100,0,150,99.5,49,0.0,0.0,2.7687759973638038e-6,2.7687759973638038e-6,2.7687759973638038e-6,49.00000000000001
3,6,200,100,49,1,100,0,150,99.5,49,0.0,0.0,0.0010846341020442907,0.0010846341020442907,0.0010846341020442907,49.00000000000001
4,6,200,100,49,1,100,0,150,99.5,49,0.0,0.0,0.020105684403171065,0.020105684403171065,0.020105684403171065,49.00000000000001
5,6,200,100,49,1,100,0,150,99.5,49,0.0,0.0,0.1135922327004768,0.1135922327004768,0.1135922327004768,49.00000000000001
6,6,200,100,49,1,100,0,150,99.5,49,0.0,0.0,0.35736228517695423,0.35736228517695423,0.35736228517695423,49.00000000000001
1,7,200,100,49,1,100,0,150,99.5,49,0.0,0.0,4.0745185003743245e-12,4.0745185003743245e-12,4.0745185003743245e-12,49.00000000000206
2,7,200,100,49,1,100,0,150,99.5,49,0.0,0.0,3.656481039060466e-5,3.656481039060466e-5,3.656481039060466e-5,49.00000000000206
3,7,200,100,49,1,100,0,150,99.5,49,0.0,0.0,0.005782826812772424,0.005782826812772424,0.005782826812772424,49.00000000000206
4,7,200,100,49,1,100,0,150,99.5,49,0.0,0.0,0.06936598590996379,0.06936598590996379,0.06936598590996379,49.00000000000206
5,7,200,100,49,1,100,0,150,99.5,49,0.0,0.0,0.30351107182737813,0.30351107182737813,0.30351107182737813,49.00000000000206
6,7,200,100,49,1,100,0,150,99.5,49,0.0,0.0,0.8070738284536527,0.8070738284536527,0.8070738284536527,49.00000000000206
7,7,200,100,49,1,100,0,150,99.5,49,0.0,0.0,1.618197289597123,1.618197289597123,1.618197289597123,49.000000000004114
1,8,200,100,49,1,100,0,150,99.5,49,0.0,0.0,2.521205466621268e-10,2.521205466621268e-10,2.521205466621268e-10,49.000000000127315
2,8,200,100,49,1,100,0,150,99.5,49,0.0,0.0,0.00024788787238438914,0.00024788787238438914,0.00024788787238438914,49.000000000127315
3,8,200,100,49,1,100,0,150,99.5,49,0.0,0.0,0.020105684403171065,0.020105684403171065,0.020105684403171065,49.000000000127315
4,8,200,100,49,1,100,0,150,99.5,49,0.0,0.0,0.1747201938515297,0.1747201938515297,0.1747201938515297,49.000000000127315
5,8,200,100,49,1,100,0,150,99.5,49,0.0,0.0,0.6322999386970563,0.6322999386970563,0.6322999386970563,49.000000000127315
6,8,200,100,49,1,100,0,150,99.5,49,0.0,0.0,1.4836248947028063,1.4836248947028063,1.4836248947028063,49.00000000012733
7,8,200,100,49,1,100,0,150,99.5,49,0.01632004085516017,0.01632004085516017,2.656744374454029,2.656744374454029,2.7222781515000904,49.000000000129376
8,8,200,100,49,1,100,0,150,99.5,49,0.0427344040592765,0.0427344040592765,3.7588145135112363,3.7588145135112363,4.286621066287532,49.000000000254644
1,9,200,100,49,1,100,0,150,99.5,49,0.0,0.0,5.881595210865953e-9,5.881595210865953e-9,5.881595210865953e-9,49.000000002970204
2,9,200,100,49,1,100,0,150,99.5,49,0.0,0.0,0.0010846341020442907,0.0010846341020442907,0.0010846341020442907,49.000000002970204
3,9,200,100,49,1,100,0,150,99.5,49,0.0,0.0,0.0527128821316003,0.0527128821316003,0.0527128821316003,49.000000002970204
4,9,200,100,49,1,100,0,150,99.5,49,0.0,0.0,0.35736228517695423,0.35736228517695423,0.35736228517695423,49.000000002970204
5,9,200,100,49,1,100,0,150,99.5,49,0.0,0.0,1.1169469387218856,1.1169469387218856,1.1169469387218856,49.000000002970204
6,9,200,100,49,1,100,0,150,99.5,49,0.010728298970976833,0.010728298970976833,2.3616893841283026,2.3616893841283026,2.3791507197454376,49.00000000297021
7,9,200,100,49,1,100,0,150,99.5,49,0.0395074178867301,0.0395074178867301,3.6264506012222184,3.6264506012222184,4.075942126670251,49.000000002972264
8,9,200,100,49,1,100,0,150,99.5,49,0.07175662799677837,0.07175662799677837,4.864766472326609,4.864766472326609,6.097761831857984,49.00000000309753
9,9,200,100,49,1,100,0,150,99.5,49,0.10819039272658891,0.10819039272658891,6.256294996031279,6.256294996031279,8.336689426258182,49.00000000594041
1,10,200,100,49,1,100,0,150,99.5,49,0.0,0.0,7.055078743434251e-8,7.055078743434251e-8,7.055078743434251e-8,49.00000003562815
2,10,200,100,49,1,100,0,150,99.5,49,0.0,0.0,0.0035052666248813757,0.0035052666248813757,0.0035052666248813757,49.00000003562815
3,10,200,100,49,1,100,0,150,99.5,49,0.0,0.0,0.1135922327004768,0.1135922327004768,0.1135922327004768,49.00000003562815
4,10,200,100,49,1,100,0,150,99.5,49,0.0,0.0,0.6322999386970563,0.6322999386970563,0.6322999386970563,49.00000003562815
5,10,200,100,49,1,100,0,150,99.5,49,0.00020595415323851755,0.00020595415323851755,1.7594014831648375,1.7594014831648375,1.7587946605721494,49.00000003562815
6,10,200,100,49,1,100,0,150,99.5,49,0.030184224236373042,0.030184224236373042,3.2162399916711695,3.2162399916711695,3.468584281649756,49.00000003562815
7,10,200,100,49,1,100,0,150,99.5,49,0.06447237676476633,0.06447237676476633,4.603527106442414,4.603527106442414,5.626134944044248,49.0000000356302
8,10,200,100,49,1,100,0,150,99.5,49,0.10396755826790688,0.10396755826790688,6.110739053611532,6.110739053611532,8.08017672836393,49.00000003575547
9,10,200,100,49,1,100,0,150,99.5,49,0.1493378021321113,0.1493378021321113,7.937090934837015,7.937090934837015,10.702850055882141,49.00000003859835
10,10,200,100,49,1,100,0,150,99.5,49,0.20087876487078213,0.20087876487078213,10.182220561340301,10.182220561340301,13.397967485796169,49.000000071256295
1,11,200,100,49,1,100,0,150,99.5,49,0.0,0.0,5.265783142860414e-7,5.265783142860414e-7,5.265783142860414e-7,49.00000026592205
2,11,200,100,49,1,100,0,150,99.5,49,0.0,0.0,0.009105898023198389,0.009105898023198389,0.009105898023198389,49.00000026592205
3,11,200,100,49,1,100,0,150,99.5,49,0.0,0.0,0.21242600832649394,0.21242600832649394,0.21242600832649394,49.00000026592205
4,11,200,100,49,1,100,0,150,99.5,49,0.0,0.0,1.007293006422827,1.007293006422827,1.007293006422827,49.00000026592205
5,11,200,100,49,1,100,0,150,99.5,49,0.015813304971814237,0.015813304971814237,2.497316477342559,2.497316477342559,2.5480859063479744,49.00000026592205
6,11,200,100,49,1,100,0,150,99.5,49,0.0506583361975841,0.0506583361975841,4.067718290622095,4.067718290622095,4.719372094068652,49.000000265922054
7,11,200,100,49,1,100,0,150,99.5,49,0.091691457038464,0.091691457038464,5.6822780269916,5.6822780269916,7.321050821482434,49.0000002659241
8,11,200,100,49,1,100,0,150,99.5,49,0.1398149913671181,0.1398149913671181,7.586129358197255,7.586129358197255,10.169886210571843,49.00000026604937
9,11,200,100,49,1,100,0,150,99.5,49,0.19545275545837745,0.19545275545837745,9.960753302766838,9.960753302766838,13.127324442582445,49.00000026889226
10,11,200,100,49,1,100,0,150,99.5,49,0.25852538380123713,0.25852538380123713,12.843192166709114,12.843192166709114,16.097652812737717,49.0000003015502
11,11,200,100,49,1,100,0,150,99.5,49,0.3286465579142432,0.3286465579142432,16.178064954308898,16.178064954308898,19.018451187087404,49.000000531844094
1,12,200,100,49,1,100,0,150,99.5,49,0.0,0.0,2.7687759973638038e-6,2.7687759973638038e-6,2.7687759973638038e-6,49.00000139823188
2,12,200,100,49,1,100,0,150,99.5,49,0.0,0.0,0.020105684403171065,0.020105684403171065,0.020105684403171065,49.00000139823188
3,12,200,100,49,1,100,0,150,99.5,49,0.0,0.0,0.35736228517695423,0.35736228517695423,0.35736228517695423,49.00000139823188
4,12,200,100,49,1,100,0,150,99.5,49,0.0,0.0,1.4836248947028063,1.4836248947028063,1.4836248947028063,49.00000139823188
5,12,200,100,49,1,100,0,150,99.5,49,0.031785622386517234,0.031785622386517234,3.2219962330657257,3.2219962330657257,3.468584281649756,49.00000139823188
6,12,200,100,49,1,100,0,150,99.5,49,0.07253580045842523,0.07253580045842523,4.978926711683476,4.978926711683476,6.097761831857984,49.00000139823188
7,12,200,100,49,1,100,0,150,99.5,49,0.12155650240542543,0.12155650240542543,6.922309518057471,6.922309518057471,9.115096332517215,49.000001398233934
8,12,200,100,49,1,100,0,150,99.5,49,0.17955264710688515,0.17955264710688515,9.324496283830785,9.324496283830785,12.316135260803417,49.000001398359196
9,12,200,100,49,1,100,0,150,99.5,49,0.2465231896525234,0.2465231896525234,12.3162050770431,12.3162050770431,15.559815378196372,49.000001401202084
10,12,200,100,49,1,100,0,150,99.5,49,0.3219935930278046,0.3219935930278046,15.868563915526837,15.868563915526837,18.756122864533285,49.00000143386003
11,12,200,100,49,1,100,0,150,99.5,49,0.4053322251804004,0.4053322251804004,19.892666018983995,19.892666018983995,21.85107914139528,49.00000166415393
12,12,200,100,49,1,100,0,150,99.5,49,0.4959219662939102,0.4959219662939102,24.310664373882016,24.310664373882016,24.81470256249314,49.000002796463754
1,13,200,100,49,1,100,0,150,99.5,49,0.0,0.0,1.1157804513661773e-5,1.1157804513661773e-5,1.1157804513661773e-5,49.00000563469128
2,13,200,100,49,1,100,0,150,99.5,49,0.0,0.0,0.03920415885128037,0.03920415885128037,0.03920415885128037,49.00000563469128
3,13,200,100,49,1,100,0,150,99.5,49,0.0,0.0,0.5543676996246472,0.5543676996246472,0.5543676996246472,49.00000563469128
4,13,200,100,49,1,100,0,150,99.5,49,0.009929069361288727,0.009929069361288727,2.0504440492765657,2.0504440492765657,2.0576262541282753,49.00000563469128
5,13,200,100,49,1,100,0,150,99.5,49,0.04842270957271111,0.04842270957271111,3.97532811039536,3.97532811039536,4.501149815956895,49.00000563469128
6,13,200,100,49,1,100,0,150,99.5,49,0.09615384140614487,0.09615384140614487,5.989848198721245,5.989848198721245,7.572242197772317,49.000005634691284
7,13,200,100,49,1,100,0,150,99.5,49,0.15433314267676307,0.15433314267676307,8.348887106529547,8.348887106529547,10.970424266196165,49.00000563469333
8,13,200,100,49,1,100,0,150,99.5,49,0.22323526302313348,0.22323526302313348,11.319812460891344,11.319812460891344,14.480284052358073,49.0000056348186
9,13,200,100,49,1,100,0,150,99.5,49,0.3023644112824176,0.3023644112824176,14.965675237228096,14.965675237228096,17.9649286277895,49.00000563766149
10,13,200,100,49,1,100,0,150,99.5,49,0.39092307092311745,0.39092307092311745,19.204488807591012,19.204488807591012,21.343792910264582,49.000005670319425
11,13,200,100,49,1,100,0,150,99.5,49,0.4881098271212545,0.4881098271212545,23.931468312485165,23.931468312485165,24.573181227949092,49.00000590061333
12,13,200,100,49,1,100,0,150,99.5,49,0.5932100215137008,0.5932100215137008,29.071005834098628,29.071005834098628,27.632486286740765,49.00000703292316
13,13,200,100,49,1,100,0,150,99.5,49,0.705602562270338,0.705602562270338,34.57551857849623,34.57551857849623,30.515143909955654,49.00001126938256
1,14,200,100,49,1,100,0,150,99.5,49,0.0,0.0,3.656481039060466e-5,3.656481039060466e-5,3.656481039060466e-5,49.000018465229246
2,14,200,100,49,1,100,0,150,99.5,49,0.0,0.0,0.06936598590996379,0.06936598590996379,0.06936598590996379,49.000018465229246
3,14,200,100,49,1,100,0,150,99.5,49,0.0,0.0,0.8070738284536527,0.8070738284536527,0.8070738284536527,49.000018465229246
4,14,200,100,49,1,100,0,150,99.5,49,0.021892764447456026,0.021892764447456026,2.634759420428403,2.634759420428403,2.7222781515000904,49.000018465229246
5,14,200,100,49,1,100,0,150,99.5,49,0.065996050872687,0.065996050872687,4.7842886413283106,4.7842886413283106,5.626134944044248,49.000018465229246
6,14,200,100,49,1,100,0,150,99.5,49,0.12177905911870977,0.12177905911870977,7.1201374006013305,7.1201374006013305,9.115096332517215,49.00001846522925
7,14,200,100,49,1,100,0,150,99.5,49,0.19014336503662121,0.19014336503662121,9.963369423239529,9.963369423239529,12.85676526479882,49.0000184652313
8,14,200,100,49,1,100,0,150,99.5,49,0.27077186155629185,0.27077186155629185,13.549254704488144,13.549254704488144,16.63379034621093,49.00001846535657
9,14,200,100,49,1,100,0,150,99.5,49,0.3627198527811133,0.3627198527811133,17.871516916992242,17.871516916992242,20.31859052043634,49.00001846819946
10,14,200,100,49,1,100,0,150,99.5,49,0.464955314375148,0.464955314375148,22.811109325320224,22.811109325320224,23.84256169957396,49.000018500857394
11,14,200,100,49,1,100,0,150,99.5,49,0.5765515763867114,0.5765515763867114,28.25794731331227,28.25794731331227,27.173275766769255,49.00001873115129
12,14,200,100,49,1,100,0,150,99.5,49,0.6967108110716385,0.6967108110716385,34.1403207127936,34.1403207127936,30.29966900981971,49.00001986346113
13,14,200,100,49,1,100,0,150,99.5,49,0.8247479716114298,0.8247479716114298,40.412953004643654,40.412953004643654,33.22288759490433,49.00002409992052
14,14,200,100,49,1,100,0,150,99.5,49,0.9600715076739413,0.9600715076739413,47.043569152504176,47.043569152504176,35.95075382429047,49.00003693045849
