S,D,p_r,p_0,indiv,bespoke,comp,indiv_end,bespoke_end,comp_end,is_fixed
5,3,0.0,1.0e-5,0.8847359999854095,0.11526289989793921,1.1001166516921932e-6,0.8847359999854092,0.11526289988820625,1.1001263849049686e-6,true
5,3,0.0,1.0e-5,0.0,0.0,1.0,0.7618560000000001,0.0,0.23814399999999988,false
5,3,0.0,1.0e-5,0.0,0.1,0.9,0.7832125440000003,0.011952064000000007,0.20483539199999995,false
5,3,0.0,1.0e-5,0.0,0.2,0.8,0.8029470720000002,0.023808512000000018,0.17324441599999996,false
5,3,0.0,1.0e-5,0.0,0.30000000000000004,0.7,0.8209121280000001,0.03556972800000002,0.14351814399999993,false
5,3,0.0,1.0e-5,0.0,0.4,0.6,0.8369602560000001,0.04723609600000003,0.11580364799999993,false
5,3,0.0,1.0e-5,0.0,0.5,0.5,0.8509440000000003,0.058808000000000055,0.09024799999999998,false
5,3,0.0,1.0e-5,0.0,0.6000000000000001,0.3999999999999999,0.8627159040000001,0.07028582400000005,0.06699827199999994,false
5,3,0.0,1.0e-5,0.0,0.7000000000000001,0.29999999999999993,0.872128512,0.08166995200000005,0.04620153599999996,false
5,3,0.0,1.0e-5,0.0,0.8,0.19999999999999996,0.8790343680000002,0.09296076800000005,0.02800486399999998,false
5,3,0.0,1.0e-5,0.0,0.9,0.09999999999999998,0.8832860160000002,0.10415865600000004,0.012555327999999992,false
5,3,0.0,1.0e-5,0.0,1.0,0.0,0.884736,0.11526400000000003,0.0,false
5,3,0.0,1.0e-5,0.1,0.0,0.9,0.7832123382987991,0.011951944958075222,0.2048357167431258,false
5,3,0.0,1.0e-5,0.1,0.1,0.8,0.8029468832562318,0.023808393912315248,0.1732447228314532,false
5,3,0.0,1.0e-5,0.1,0.2,0.7,0.8209119576882243,0.03556961086271529,0.1435184314490605,false
5,3,0.0,1.0e-5,0.1,0.30000000000000004,0.6,0.8369601055947768,0.04723597980927531,0.11580391459594787,false
5,3,0.0,1.0e-5,0.1,0.4,0.5,0.8509438709758894,0.05880788475199533,0.09024824427211524,false
5,3,0.0,1.0e-5,0.1,0.5,0.4,0.862715797831562,0.07028570969087534,0.06699849247756261,false
5,3,0.0,1.0e-5,0.1,0.6000000000000001,0.29999999999999993,0.872128430161795,0.0816698386259154,0.04620173121228996,false
5,3,0.0,1.0e-5,0.1,0.7000000000000001,0.19999999999999996,0.8790343119665875,0.0929606555571154,0.028005032476297338,false
5,3,0.0,1.0e-5,0.1,0.8,0.09999999999999998,0.8832859872459402,0.10415854448447544,0.012555468269584704,false
5,3,0.0,1.0e-5,0.1,0.9,0.0,0.8847359999998528,0.11526388940799544,1.1059215206397538e-7,false
5,3,0.0,1.0e-5,0.2,0.0,0.8,0.8029466945122864,0.02380827582462098,0.17324502966309288,false
5,3,0.0,1.0e-5,0.2,0.1,0.7000000000000001,0.8209117873762568,0.03556949372542105,0.14351871889832232,false
5,3,0.0,1.0e-5,0.2,0.2,0.6000000000000001,0.8369599551893474,0.04723586361854114,0.11580418119211172,false
5,3,0.0,1.0e-5,0.2,0.30000000000000004,0.5,0.8509437419515579,0.05880776950398123,0.09024848854446113,false
5,3,0.0,1.0e-5,0.2,0.4,0.4,0.8627156916628881,0.0702855953817413,0.06699871295537056,false
5,3,0.0,1.0e-5,0.2,0.5,0.30000000000000004,0.872128348323339,0.0816697252518214,0.046201926424840015,false
5,3,0.0,1.0e-5,0.2,0.6000000000000001,0.19999999999999996,0.8790342559329093,0.09296054311422147,0.028005200952869406,false
5,3,0.0,1.0e-5,0.2,0.7000000000000001,0.09999999999999998,0.8832859584916,0.10415843296894153,0.012555608539458833,false
5,3,0.0,1.0e-5,0.2,0.8,0.0,0.8847359999994104,0.11526377881598164,2.21184608255804e-7,false
5,3,0.0,1.0e-5,0.30000000000000004,0.0,0.7,0.8209116170640974,0.035569376588117346,0.14351900634778522,false
5,3,0.0,1.0e-5,0.30000000000000004,0.1,0.6,0.8369598047837113,0.04723574742779753,0.11580444778849143,false
5,3,0.0,1.0e-5,0.30000000000000004,0.2,0.49999999999999994,0.850943612927005,0.05880765425595772,0.09024873281703762,false
5,3,0.0,1.0e-5,0.30000000000000004,0.30000000000000004,0.3999999999999999,0.8627155854939785,0.0702854810725979,0.06699893343342378,false
5,3,0.0,1.0e-5,0.30000000000000004,0.4,0.29999999999999993,0.8721282664846322,0.08166961187771805,0.04620212163764999,false
5,3,0.0,1.0e-5,0.30000000000000004,0.5,0.19999999999999996,0.8790341998989657,0.09296043067131822,0.02800536942971619,false
5,3,0.0,1.0e-5,0.30000000000000004,0.6000000000000001,0.09999999999999987,0.8832859297369794,0.1041583214533984,0.012555748809622366,false
5,3,0.0,1.0e-5,0.30000000000000004,0.7000000000000001,-1.1102230246251565e-16,0.884735999998673,0.1152636682239586,3.3177736856305965e-7,false
5,3,0.0,1.0e-5,0.4,0.0,0.6,0.8369596543778687,0.04723563123704446,0.11580471438508702,false
5,3,0.0,1.0e-5,0.4,0.1,0.5,0.8509434839022307,0.05880753900792477,0.0902489770898447,false
5,3,0.0,1.0e-5,0.4,0.2,0.39999999999999997,0.8627154793248326,0.07028536676344507,0.06699915391172233,false
5,3,0.0,1.0e-5,0.4,0.30000000000000004,0.29999999999999993,0.8721281846456747,0.08166949850360541,0.046202316850720015,false
5,3,0.0,1.0e-5,0.4,0.4,0.19999999999999996,0.8790341438647569,0.09296031822840571,0.028005537906837682,false
5,3,0.0,1.0e-5,0.4,0.5,0.09999999999999998,0.8832859009820788,0.10415820993784604,0.01255588908007536,false
5,3,0.0,1.0e-5,0.4,0.6000000000000001,-1.1102230246251565e-16,0.8847359999976407,0.11526355763192633,4.4237043301015306e-7,false
5,3,0.0,1.0e-5,0.5,0.0,0.5,0.8509433548772353,0.05880742375988243,0.09024922136288235,false
5,3,0.0,1.0e-5,0.5,0.1,0.4,0.862715373155451,0.07028525245428291,0.0669993743902662,false
5,3,0.0,1.0e-5,0.5,0.2,0.3,0.8721281028064668,0.08166938512948341,0.04620251206405006,false
5,3,0.0,1.0e-5,0.5,0.30000000000000004,0.19999999999999996,0.8790340878302825,0.09296020578548389,0.028005706384233896,false
5,3,0.0,1.0e-5,0.5,0.4,0.09999999999999998,0.883285872226898,0.10415809842228436,0.012556029350817744,false
5,3,0.0,1.0e-5,0.5,0.5,0.0,0.8847359999963138,0.11526344703988486,5.529638015969352e-7,false
5,3,0.0,1.0e-5,0.6000000000000001,0.0,0.3999999999999999,0.8627152669858333,0.07028513814511139,0.06699959486905532,false
5,3,0.0,1.0e-5,0.6000000000000001,0.1,0.29999999999999993,0.872128020967008,0.08166927175535207,0.04620270727764006,false
5,3,0.0,1.0e-5,0.6000000000000001,0.2,0.1999999999999999,0.8790340317955426,0.09296009334255279,0.028005874861904805,false
5,3,0.0,1.0e-5,0.6000000000000001,0.30000000000000004,0.09999999999999987,0.8832858434714372,0.1041579869067135,0.012556169621849547,false
5,3,0.0,1.0e-5,0.6000000000000001,0.4,-1.1102230246251565e-16,0.8847359999946917,0.11526333644783417,6.635574742864262e-7,false
5,3,0.0,1.0e-5,0.7000000000000001,0.0,0.29999999999999993,0.8721279391272987,0.08166915838121144,0.0462029024914901,false
5,3,0.0,1.0e-5,0.7000000000000001,0.1,0.19999999999999993,0.8790339757605374,0.0929599808996124,0.02800604333985045,false
5,3,0.0,1.0e-5,0.7000000000000001,0.2,0.09999999999999992,0.883285814715696,0.10415787539113332,0.01255630989317078,false
5,3,0.0,1.0e-5,0.7000000000000001,0.30000000000000004,-1.1102230246251565e-16,0.8847359999927749,0.11526322585577428,7.741514511153136e-7,false
5,3,0.0,1.0e-5,0.8,0.0,0.19999999999999996,0.8790339197252665,0.09295986845666265,0.028006211818070795,false
5,3,0.0,1.0e-5,0.8,0.1,0.09999999999999995,0.8832857859596749,0.10415776387554393,0.012556450164781442,false
5,3,0.0,1.0e-5,0.8,0.2,-5.551115123125783e-17,0.8847359999905631,0.11526311526370514,8.847457320773085e-7,false
5,3,0.0,1.0e-5,0.9,0.0,0.09999999999999998,0.8832857572033735,0.10415765235994526,0.012556590436681513,false
5,3,0.0,1.0e-5,1.0,0.0,0.0,0.8847359999852545,0.11526289407953924,1.1059352063754862e-6,false
10,3,0.0,1.0e-5,0.9702989999951919,0.02970070606170196,2.939431065295185e-7,0.9702989999951916,0.02970070606014628,2.939446622565321e-7,true
10,3,0.0,1.0e-5,0.0,0.0,1.0,0.926559,0.0,0.07344099999999995,false
10,3,0.0,1.0e-5,0.0,0.1,0.9,0.9345153060000002,0.0029970010000000026,0.062487692999999976,false
10,3,0.0,1.0e-5,0.0,0.2,0.8,0.9417455280000002,0.005988008000000007,0.052266463999999985,false
10,3,0.0,1.0e-5,0.0,0.30000000000000004,0.7,0.9482234220000001,0.008973027000000012,0.042803550999999974,false
10,3,0.0,1.0e-5,0.0,0.4,0.6,0.9539227440000001,0.01195206400000002,0.034125191999999985,false
10,3,0.0,1.0e-5,0.0,0.5,0.5,0.9588172500000004,0.014925125000000032,0.026257624999999996,false
10,3,0.0,1.0e-5,0.0,0.6000000000000001,0.3999999999999999,0.9628806960000001,0.017892216000000037,0.019227087999999982,false
10,3,0.0,1.0e-5,0.0,0.7000000000000001,0.29999999999999993,0.9660868380000001,0.020853343000000052,0.01305981899999999,false
10,3,0.0,1.0e-5,0.0,0.8,0.19999999999999996,0.9684094320000003,0.023808512000000066,0.007782055999999996,false
10,3,0.0,1.0e-5,0.0,0.9,0.09999999999999998,0.9698222340000002,0.026757729000000074,0.003420036999999998,false
10,3,0.0,1.0e-5,0.0,1.0,0.0,0.970299,0.02970100000000009,0.0,false
10,3,0.0,1.0e-5,0.1,0.0,0.9,0.9345152300235838,0.002996971059969702,0.06248779891644658,false
10,3,0.0,1.0e-5,0.1,0.1,0.8,0.9417454594156426,0.0059879781198797066,0.05226656246447791,false
10,3,0.0,1.0e-5,0.1,0.2,0.7,0.9482233610701412,0.008972997179729714,0.042803641750129205,false
10,3,0.0,1.0e-5,0.1,0.30000000000000004,0.6,0.9539226909870799,0.011952034239519722,0.03412527477340052,false
10,3,0.0,1.0e-5,0.1,0.4,0.5,0.9588172051664585,0.014925095299249728,0.026257699534291835,false
10,3,0.0,1.0e-5,0.1,0.5,0.4,0.9628806596082772,0.017892186358919735,0.019227154032803152,false
10,3,0.0,1.0e-5,0.1,0.6000000000000001,0.29999999999999993,0.9660868103125361,0.020853313418529754,0.013059876268934465,false
10,3,0.0,1.0e-5,0.1,0.7000000000000001,0.19999999999999996,0.9684094132792347,0.023808482478079766,0.007782104242685783,false
10,3,0.0,1.0e-5,0.1,0.8,0.09999999999999998,0.9698222245083734,0.02675769953756978,0.0034200759540570975,false
10,3,0.0,1.0e-5,0.1,0.9,0.0,0.970298999999952,0.029700970596999797,2.9403048410995597e-8,false
10,3,0.0,1.0e-5,0.2,0.0,0.8,0.9417453908312098,0.005987948239758812,0.05226666092903164,false
10,3,0.0,1.0e-5,0.2,0.1,0.7000000000000001,0.9482233001402045,0.008972967359458815,0.042803732500336894,false
10,3,0.0,1.0e-5,0.2,0.2,0.6000000000000001,0.9539226379740793,0.011952004479038825,0.034125357546882146,false
10,3,0.0,1.0e-5,0.2,0.30000000000000004,0.5,0.958817160332834,0.014925065598498835,0.02625777406866739,false
10,3,0.0,1.0e-5,0.2,0.4,0.4,0.9628806232164686,0.01789215671783884,0.019227220065692645,false
10,3,0.0,1.0e-5,0.2,0.5,0.30000000000000004,0.9660867826249837,0.02085328383705886,0.013059933537957903,false
10,3,0.0,1.0e-5,0.2,0.6000000000000001,0.19999999999999996,0.9684093945583783,0.023808452956158875,0.007782152485463144,false
10,3,0.0,1.0e-5,0.2,0.7000000000000001,0.09999999999999998,0.969822215016653,0.026757670075138885,0.0034201149082083953,false
10,3,0.0,1.0e-5,0.2,0.8,0.0,0.9702989999998078,0.02970094119399891,5.880619364396504e-8,false
10,3,0.0,1.0e-5,0.30000000000000004,0.0,0.7,0.9482232392101897,0.00897293753918732,0.04280382325062303,false
10,3,0.0,1.0e-5,0.30000000000000004,0.1,0.6,0.953922584960998,0.011951974718557332,0.034125440320444844,false
10,3,0.0,1.0e-5,0.30000000000000004,0.2,0.49999999999999994,0.9588171154991265,0.014925035897747347,0.026257848603126653,false
10,3,0.0,1.0e-5,0.30000000000000004,0.30000000000000004,0.3999999999999999,0.9628805868245744,0.017892127076757358,0.01922728609866845,false
10,3,0.0,1.0e-5,0.30000000000000004,0.4,0.29999999999999993,0.9660867549373425,0.02085325425558737,0.013059990807070265,false
10,3,0.0,1.0e-5,0.30000000000000004,0.5,0.19999999999999996,0.9684093758374307,0.02380842343423738,0.007782200728332079,false
10,3,0.0,1.0e-5,0.30000000000000004,0.6000000000000001,0.09999999999999987,0.9698222055248388,0.026757640612707398,0.0034201538624538843,false
10,3,0.0,1.0e-5,0.30000000000000004,0.7000000000000001,-1.1102230246251565e-16,0.9702989999995671,0.029700911790997424,8.820943569561745e-8,false
10,3,0.0,1.0e-5,0.4,0.0,0.6,0.9539225319478363,0.011951944958075238,0.03412552309408862,false
10,3,0.0,1.0e-5,0.4,0.1,0.5,0.9588170706653354,0.014925006196995251,0.026257923137669614,false
10,3,0.0,1.0e-5,0.4,0.2,0.39999999999999997,0.9628805504325941,0.017892097435675262,0.0192273521317306,false
10,3,0.0,1.0e-5,0.4,0.30000000000000004,0.29999999999999993,0.9660867272496134,0.020853224674115288,0.013060048076271594,false
10,3,0.0,1.0e-5,0.4,0.4,0.19999999999999996,0.9684093571163924,0.023808393912315304,0.007782248971292588,false
10,3,0.0,1.0e-5,0.4,0.5,0.09999999999999998,0.9698221960329315,0.026757611150275324,0.0034201928167935844,false
10,3,0.0,1.0e-5,0.4,0.6000000000000001,-1.1102230246251565e-16,0.9702989999992303,0.029700882387995342,1.1761277457245575e-7,false
10,3,0.0,1.0e-5,0.5,0.0,0.5,0.9588170258314613,0.014924976496242564,0.026257997672296276,false
10,3,0.0,1.0e-5,0.5,0.1,0.4,0.9628805140405284,0.01789206779459258,0.019227418164879072,false
10,3,0.0,1.0e-5,0.5,0.2,0.3,0.9660866995617959,0.0208531950926426,0.013060105345561877,false
10,3,0.0,1.0e-5,0.5,0.30000000000000004,0.19999999999999996,0.968409338395263,0.023808364390392623,0.0077822972143446745,false
10,3,0.0,1.0e-5,0.5,0.4,0.09999999999999998,0.9698221865409301,0.026757581687842643,0.003420231771227474,false
10,3,0.0,1.0e-5,0.5,0.5,0.0,0.9702989999987974,0.029700852984992674,1.4701621027445317e-7,false
10,3,0.0,1.0e-5,0.6000000000000001,0.0,0.3999999999999999,0.9628804776483769,0.017892038153509305,0.019227484198113865,false
10,3,0.0,1.0e-5,0.6000000000000001,0.1,0.29999999999999993,0.9660866718738897,0.020853165511169322,0.013060162614941098,false
10,3,0.0,1.0e-5,0.6000000000000001,0.2,0.1999999999999999,0.9684093196740425,0.023808334868469352,0.00778234545748833,false
10,3,0.0,1.0e-5,0.6000000000000001,0.30000000000000004,0.09999999999999987,0.9698221770488356,0.026757552225409383,0.003420270725755561,false
10,3,0.0,1.0e-5,0.6000000000000001,0.4,-1.1102230246251565e-16,0.970298999998268,0.029700823581989402,1.7641974279179076e-7,false
10,3,0.0,1.0e-5,0.7000000000000001,0.0,0.29999999999999993,0.9660866441858954,0.020853135929695454,0.013060219884409276,false
10,3,0.0,1.0e-5,0.7000000000000001,0.1,0.19999999999999993,0.9684093009527313,0.023808305346545485,0.0077823937007235645,false
10,3,0.0,1.0e-5,0.7000000000000001,0.2,0.09999999999999992,0.9698221675566467,0.026757522762975508,0.003420309680377849,false
10,3,0.0,1.0e-5,0.7000000000000001,0.30000000000000004,-1.1102230246251565e-16,0.9702989999976427,0.029700794178985548,2.058233721342355e-7,false
10,3,0.0,1.0e-5,0.8,0.0,0.19999999999999996,0.9684092822313285,0.02380827582462101,0.007782441944050372,false
10,3,0.0,1.0e-5,0.8,0.1,0.09999999999999995,0.9698221580643649,0.02675749330054105,0.003420348635094337,false
10,3,0.0,1.0e-5,0.8,0.2,-5.551115123125783e-17,0.9702989999969209,0.02970076477598109,2.3522709830012826e-7,false
10,3,0.0,1.0e-5,0.9,0.0,0.09999999999999998,0.9698221485719892,0.026757463838106,0.003420387589905021,false
10,3,0.0,1.0e-5,0.9,0.1,-2.7755575615628914e-17,0.970298999996103,0.02970073537297604,2.646309212869955e-7,false
5,9,0.0,1.0e-5,0.692533995703274,0.307463574757847,2.4295388790881214e-6,0.6925339957032689,0.30746357470737423,2.4295893568886463e-6,true
5,9,0.0,1.0e-5,0.0,0.0,1.0,0.2504210574905182,0.0,0.7495789425094819,false
5,9,0.0,1.0e-5,0.0,0.1,0.9,0.2928589739187008,0.035429343872680555,0.6717116822086189,false
5,9,0.0,1.0e-5,0.0,0.2,0.8,0.33959034602736116,0.06973849601082334,0.5906711579618162,false
5,9,0.0,1.0e-5,0.0,0.30000000000000004,0.7,0.39014362933258895,0.10295857036729553,0.506897800300116,false
5,9,0.0,1.0e-5,0.0,0.4,0.6,0.4436533791405654,0.13511993718491513,0.42122668367452026,false
5,9,0.0,1.0e-5,0.0,0.5,0.5,0.4987390356577326,0.16625223786985038,0.335008726472418,false
5,9,0.0,1.0e-5,0.0,0.6000000000000001,0.3999999999999999,0.553358983081281,0.19638439962609927,0.2502566172926205,false
5,9,0.0,1.0e-5,0.0,0.7000000000000001,0.29999999999999993,0.604636424853764,0.22554464985393863,0.1698189252922983,false
5,9,0.0,1.0e-5,0.0,0.8,0.19999999999999996,0.6486533135339269,0.2537605303152093,0.09758615615086477,false
5,9,0.0,1.0e-5,0.0,0.9,0.09999999999999998,0.6802082572862699,0.28105891106828146,0.03873283164544874,false
5,9,0.0,1.0e-5,0.0,1.0,0.0,0.6925339958244802,0.30746600417551995,0.0,false
5,9,0.0,1.0e-5,0.1,0.0,0.9,0.2928585275616805,0.03542899523262837,0.6717124772056917,false
5,9,0.0,1.0e-5,0.1,0.1,0.8,0.33958985852671475,0.06973815841586822,0.5906719830574176,false
5,9,0.0,1.0e-5,0.1,0.2,0.7,0.39014310719019263,0.10295824351004154,0.5068986492997665,false
5,9,0.0,1.0e-5,0.1,0.30000000000000004,0.6,0.44365283336488887,0.13511962076532846,0.4212275458697832,false
5,9,0.0,1.0e-5,0.1,0.4,0.5,0.49873848309410174,0.16625193159511206,0.3350095853107863,false
5,9,0.0,1.0e-5,0.1,0.5,0.4,0.5533584480061928,0.1963841032104602,0.2502574487833471,false
5,9,0.0,1.0e-5,0.1,0.6000000000000001,0.29999999999999993,0.6046359408693307,0.22554436301857647,0.16981969611209355,false
5,9,0.0,1.0e-5,0.1,0.7000000000000001,0.19999999999999996,0.6486529258016241,0.25376025278808795,0.09758682141028872,false
5,9,0.0,1.0e-5,0.1,0.8,0.09999999999999998,0.6802080251423989,0.28105864258401286,0.03873333227358873,false
5,9,0.0,1.0e-5,0.1,0.9,0.0,0.692533995823095,0.3074657444752283,2.597016767839349e-7,false
5,9,0.0,1.0e-5,0.2,0.0,0.8,0.33958937102645403,0.06973782082080425,0.5906728081527424,false
5,9,0.0,1.0e-5,0.2,0.1,0.7000000000000001,0.390142585048096,0.10295791665268163,0.5068994982992229,false
5,9,0.0,1.0e-5,0.2,0.2,0.6000000000000001,0.44365228758937547,0.13511930434563896,0.42122840806498624,false
5,9,0.0,1.0e-5,0.2,0.30000000000000004,0.5,0.49873793053043164,0.16625162532027396,0.33501044414929443,false
5,9,0.0,1.0e-5,0.2,0.4,0.4,0.5533579129307796,0.19638380679472417,0.2502582802744965,false
5,9,0.0,1.0e-5,0.2,0.5,0.30000000000000004,0.6046354568841822,0.22554407618312006,0.16982046693269887,false
5,9,0.0,1.0e-5,0.2,0.6000000000000001,0.19999999999999996,0.6486525380680884,0.2537599752608748,0.09758748667103763,false
5,9,0.0,1.0e-5,0.2,0.7000000000000001,0.09999999999999998,0.6802077929966204,0.28105837409965506,0.038733832903724966,false
5,9,0.0,1.0e-5,0.2,0.8,0.0,0.6925339958189398,0.3074654847748499,5.194062102609322e-7,false
5,9,0.0,1.0e-5,0.30000000000000004,0.0,0.7,0.39014206290629955,0.10295758979521591,0.5069003472984852,false
5,9,0.0,1.0e-5,0.30000000000000004,0.1,0.6,0.44365174181402517,0.13511898792584653,0.42122927026012885,false
5,9,0.0,1.0e-5,0.30000000000000004,0.2,0.49999999999999994,0.49873737796672213,0.1662513190453359,0.33501130298794246,false
5,9,0.0,1.0e-5,0.30000000000000004,0.30000000000000004,0.3999999999999999,0.5533573778550409,0.19638351037889099,0.25025911176606863,false
5,9,0.0,1.0e-5,0.30000000000000004,0.4,0.29999999999999993,0.6046349728983178,0.225543789347569,0.16982123775411362,false
5,9,0.0,1.0e-5,0.30000000000000004,0.5,0.19999999999999996,0.6486521503333192,0.25375969773356993,0.09758815193311143,false
5,9,0.0,1.0e-5,0.30000000000000004,0.6000000000000001,0.09999999999999987,0.6802075608489345,0.2810581056152082,0.03873433353585748,false
5,9,0.0,1.0e-5,0.30000000000000004,0.7000000000000001,-1.1102230246251565e-16,0.6925339958120147,0.3074652250743852,7.791136003924869e-7,false
5,9,0.0,1.0e-5,0.4,0.0,0.6,0.443651196038838,0.13511867150595122,0.42123013245521146,false
5,9,0.0,1.0e-5,0.4,0.1,0.5,0.4987368254029727,0.16625101277029775,0.3350121618267301,false
5,9,0.0,1.0e-5,0.4,0.2,0.39999999999999997,0.553356842778976,0.1963832139629604,0.25025994325806356,false
5,9,0.0,1.0e-5,0.4,0.30000000000000004,0.29999999999999993,0.6046344889117385,0.22554350251192368,0.16982200857633853,false
5,9,0.0,1.0e-5,0.4,0.4,0.19999999999999996,0.648651762597317,0.2537594202061733,0.09758881719651015,false
5,9,0.0,1.0e-5,0.4,0.5,0.09999999999999998,0.6802073286993416,0.28105783713067223,0.038734834169986444,false
5,9,0.0,1.0e-5,0.4,0.6000000000000001,-1.1102230246251565e-16,0.6925339958023193,0.3074649653738338,1.0388238472266e-6,false
5,9,0.0,1.0e-5,0.5,0.0,0.5,0.49873627283918376,0.1662507064951596,0.33501302066565736,false
5,9,0.0,1.0e-5,0.5,0.1,0.4,0.5533563077025863,0.19638291754693282,0.25026077475048136,false
5,9,0.0,1.0e-5,0.5,0.2,0.3,0.6046340049244437,0.22554321567618382,0.1698227793993732,false
5,9,0.0,1.0e-5,0.5,0.30000000000000004,0.19999999999999996,0.648651374860082,0.25375914267868505,0.09758948246123389,false
5,9,0.0,1.0e-5,0.5,0.4,0.09999999999999998,0.6802070965478417,0.28105756864604703,0.03873533480611158,false
5,9,0.0,1.0e-5,0.5,0.5,0.0,0.6925339957898535,0.3074647056731957,1.298536950753595e-6,false
5,9,0.0,1.0e-5,0.6000000000000001,0.0,0.3999999999999999,0.5533557726258705,0.19638262113080804,0.2502616062433219,false
5,9,0.0,1.0e-5,0.6000000000000001,0.1,0.29999999999999993,0.6046335209364335,0.22554292884034957,0.16982355022321755,false
5,9,0.0,1.0e-5,0.6000000000000001,0.2,0.1999999999999999,0.6486509871216131,0.25375886515110485,0.09759014772728236,false
5,9,0.0,1.0e-5,0.6000000000000001,0.30000000000000004,0.09999999999999987,0.6802068643944343,0.28105730016133285,0.038735835444232966,false
5,9,0.0,1.0e-5,0.6000000000000001,0.4,-1.1102230246251565e-16,0.6925339957746178,0.3074644459724712,1.5582529108773047e-6,false
5,9,0.0,1.0e-5,0.7000000000000001,0.0,0.29999999999999993,0.604633036947708,0.225542642004421,0.16982432104787187,false
5,9,0.0,1.0e-5,0.7000000000000001,0.1,0.19999999999999993,0.6486505993819116,0.253758587623433,0.0975908129946559,false
5,9,0.0,1.0e-5,0.7000000000000001,0.2,0.09999999999999992,0.6802066322391198,0.2810570316765293,0.03873633608435071,false
5,9,0.0,1.0e-5,0.8,0.0,0.19999999999999996,0.6486502116409766,0.2537583100956694,0.09759147826335429,false
5,9,0.0,1.0e-5,0.8,0.1,0.09999999999999995,0.6802064000818986,0.2810567631916369,0.03873683672646473,false
5,9,0.0,1.0e-5,0.8,0.2,-5.551115123125783e-17,0.6925339957358366,0.3074639265707624,2.07769340112128e-6,false
5,9,0.0,1.0e-5,0.9,0.0,0.09999999999999998,0.6802061679227699,0.2810564947066553,0.03873733737057498,false
5,9,0.0,1.0e-5,0.9,0.1,-2.7755575615628914e-17,0.6925339957122907,0.30746366686977805,2.337417931186162e-6,false
5,9,0.0,1.0e-5,1.0,0.0,0.0,0.692533995685975,0.30746340716870735,2.59714531786674e-6,false
10,9,0.0,1.0e-5,0.9135172474296908,0.08648192516606035,8.274042488244528e-7,0.9135172474296893,0.08648192515369287,8.274166179241452e-7,true
10,9,0.0,1.0e-5,0.0,0.0,1.0,0.6247463427030011,0.0,0.37525365729699894,false
10,9,0.0,1.0e-5,0.0,0.1,0.9,0.6645071800595627,0.008964083874125933,0.3265287360663115,false
10,9,0.0,1.0e-5,0.0,0.2,0.8,0.7040167681979751,0.017856669988026676,0.2781265618139989,false
10,9,0.0,1.0e-5,0.0,0.30000000000000004,0.7,0.742689870514982,0.026678257824556902,0.2306318716604616,false
10,9,0.0,1.0e-5,0.0,0.4,0.6,0.7798293510284979,0.03542934387268061,0.18474130509882225,false
10,9,0.0,1.0e-5,0.0,0.5,0.5,0.8146121830677889,0.04411042164244041,0.14127739528977148,false
10,9,0.0,1.0e-5,0.0,0.6000000000000001,0.3999999999999999,0.8460741815681467,0.05272198167986705,0.1012038367519869,false
10,9,0.0,1.0e-5,0.0,0.7000000000000001,0.29999999999999993,0.8730933757969352,0.06126451158182919,0.06564211262123648,false
10,9,0.0,1.0e-5,0.0,0.8,0.19999999999999996,0.8943719358400902,0.06973849601082335,0.03588956814908718,false
10,9,0.0,1.0e-5,0.0,0.9,0.09999999999999998,0.9084165626086447,0.07814441670970482,0.01343902068165069,false
10,9,0.0,1.0e-5,0.0,1.0,0.0,0.9135172474836408,0.08648275251635917,0.0,false
10,9,0.0,1.0e-5,0.1,0.0,0.9,0.6645067828186891,0.008963994591607393,0.32652922258970407,false
10,9,0.0,1.0e-5,0.1,0.1,0.8,0.7040163762202963,0.017856581417983332,0.2781270423617209,false
10,9,0.0,1.0e-5,0.1,0.2,0.7,0.7426894901900603,0.026678169962008957,0.23063233984793144,false
10,9,0.0,1.0e-5,0.1,0.30000000000000004,0.6,0.7798289899327845,0.03542925671267805,0.1847417533545381,false
10,9,0.0,1.0e-5,0.1,0.4,0.5,0.8146118501107842,0.044110335180062965,0.14127781470915288,false
10,9,0.0,1.0e-5,0.1,0.5,0.4,0.8460738871517345,0.052721895910224074,0.10120421693804145,false
10,9,0.0,1.0e-5,0.1,0.6000000000000001,0.29999999999999993,0.873093131988738,0.06126442650005943,0.06564244151120305,false
10,9,0.0,1.0e-5,0.1,0.7000000000000001,0.19999999999999996,0.894371756561733,0.06973841161209478,0.035889831826172676,false
10,9,0.0,1.0e-5,0.1,0.8,0.09999999999999998,0.9084164638398483,0.0781443329892146,0.01343920317093766,false
10,9,0.0,1.0e-5,0.1,0.9,0.0,0.9135172474830975,0.08648266946933332,8.30475694341132e-8,false
10,9,0.0,1.0e-5,0.2,0.0,0.8,0.7040159842425349,0.017856492847932913,0.27812752290953274,false
10,9,0.0,1.0e-5,0.2,0.1,0.7000000000000001,0.742689109864986,0.02667808209945394,0.23063280803556058,false
10,9,0.0,1.0e-5,0.2,0.2,0.6000000000000001,0.7798286288368367,0.035429169552668505,0.18474220161049554,false
10,9,0.0,1.0e-5,0.2,0.30000000000000004,0.5,0.8146115171534494,0.04411024871767863,0.14127823412887205,false
10,9,0.0,1.0e-5,0.2,0.4,0.4,0.8460735927348804,0.05272181014057424,0.10120459712454569,false
10,9,0.0,1.0e-5,0.2,0.5,0.30000000000000004,0.8730928881799692,0.06126434141828284,0.06564277040174904,false
10,9,0.0,1.0e-5,0.2,0.6000000000000001,0.19999999999999996,0.8943715772826547,0.06973832721335942,0.03589009550398657,false
10,9,0.0,1.0e-5,0.2,0.7000000000000001,0.09999999999999998,0.9084163650701589,0.07814424926871756,0.013439385661123763,false
10,9,0.0,1.0e-5,0.2,0.8,0.0,0.9135172474814663,0.08648258642230074,1.6609623273804366e-7,false
10,9,0.0,1.0e-5,0.30000000000000004,0.0,0.7,0.7426887295397596,0.0266779942368919,0.23063327622334906,false
10,9,0.0,1.0e-5,0.30000000000000004,0.1,0.6,0.7798282677406542,0.03542908239265195,0.1847426498666944,false
10,9,0.0,1.0e-5,0.30000000000000004,0.2,0.49999999999999994,0.8146111841957842,0.04411016225528734,0.14127865354892905,false
10,9,0.0,1.0e-5,0.30000000000000004,0.30000000000000004,0.3999999999999999,0.8460732983175833,0.05272172437091752,0.10120497731149962,false
10,9,0.0,1.0e-5,0.30000000000000004,0.4,0.29999999999999993,0.873092644370627,0.06126425633649935,0.0656430992928741,false
10,9,0.0,1.0e-5,0.30000000000000004,0.5,0.19999999999999996,0.8943713980028546,0.06973824281461724,0.03589035918252885,false
10,9,0.0,1.0e-5,0.30000000000000004,0.6000000000000001,0.09999999999999987,0.9084162662995776,0.0781441655482138,0.01343956815220901,false
10,9,0.0,1.0e-5,0.30000000000000004,0.7000000000000001,-1.1102230246251565e-16,0.9135172474787489,0.0864825033752615,2.491459899004955e-7,false
10,9,0.0,1.0e-5,0.4,0.0,0.6,0.7798279066442376,0.035428995232628414,0.1847430981231348,false
10,9,0.0,1.0e-5,0.4,0.1,0.5,0.8146108512377876,0.044110075792889086,0.14127907296932374,false
10,9,0.0,1.0e-5,0.4,0.2,0.39999999999999997,0.8460730038998429,0.05272163860125385,0.10120535749890329,false
10,9,0.0,1.0e-5,0.4,0.30000000000000004,0.29999999999999993,0.873092400560713,0.06126417125470907,0.06564342818457862,false
10,9,0.0,1.0e-5,0.4,0.4,0.19999999999999996,0.8943712187223325,0.06973815841586824,0.03589062286179952,false
10,9,0.0,1.0e-5,0.4,0.5,0.09999999999999998,0.9084161675281035,0.07814408182770324,0.013439750644193454,false
10,9,0.0,1.0e-5,0.4,0.6000000000000001,-1.1102230246251565e-16,0.9135172474749438,0.08648242032821553,3.321968409378359e-7,false
10,9,0.0,1.0e-5,0.5,0.0,0.5,0.8146105182794607,0.04410998933048389,0.14127949239005613,false
10,9,0.0,1.0e-5,0.5,0.1,0.4,0.8460727094816605,0.052721552831583314,0.10120573768675668,false
10,9,0.0,1.0e-5,0.5,0.2,0.3,0.8730921567502263,0.06126408617291187,0.0656437570768624,false
10,9,0.0,1.0e-5,0.5,0.30000000000000004,0.19999999999999996,0.8943710394410896,0.06973807401711248,0.03589088654179861,false
10,9,0.0,1.0e-5,0.5,0.4,0.09999999999999998,0.9084160687557371,0.07814399810718595,0.013439933137077018,false
10,9,0.0,1.0e-5,0.5,0.5,0.0,0.9135172474700514,0.0864823372811628,4.152487858479877e-7,false
10,9,0.0,1.0e-5,0.6000000000000001,0.0,0.3999999999999999,0.8460724150630348,0.05272146706190588,0.10120611787505977,false
10,9,0.0,1.0e-5,0.6000000000000001,0.1,0.29999999999999993,0.8730919129391671,0.06126400109110786,0.0656440859697254,false
10,9,0.0,1.0e-5,0.6000000000000001,0.2,0.1999999999999999,0.8943708601591247,0.06973798961834986,0.035891150222526036,false
10,9,0.0,1.0e-5,0.6000000000000001,0.30000000000000004,0.09999999999999987,0.9084159699824785,0.0781439143866619,0.013440115630859714,false
10,9,0.0,1.0e-5,0.6000000000000001,0.4,-1.1102230246251565e-16,0.913517247464072,0.08648225423410341,4.983018246012158e-7,false
10,9,0.0,1.0e-5,0.7000000000000001,0.0,0.29999999999999993,0.8730916691275362,0.06126391600929701,0.06564441486316776,false
10,9,0.0,1.0e-5,0.7000000000000001,0.1,0.19999999999999993,0.894370680876438,0.06973790521958047,0.035891413903981886,false
10,9,0.0,1.0e-5,0.7000000000000001,0.2,0.09999999999999992,0.9084158712083272,0.07814383066613106,0.013440298125541584,false
10,9,0.0,1.0e-5,0.7000000000000001,0.30000000000000004,-1.1102230246251565e-16,0.9135172474570057,0.08648217118703727,5.813559572231075e-7,false
10,9,0.0,1.0e-5,0.8,0.0,0.19999999999999996,0.8943705015930301,0.06973782082080425,0.03589167758616611,false
10,9,0.0,1.0e-5,0.8,0.1,0.09999999999999995,0.908415772433284,0.07814374694559355,0.013440480621122608,false
10,9,0.0,1.0e-5,0.8,0.2,-5.551115123125783e-17,0.9135172474488519,0.08648208813996444,6.644111837069776e-7,false
10,9,0.0,1.0e-5,0.9,0.0,0.09999999999999998,0.9084156736573482,0.0781436632250492,0.013440663117602756,false
10,9,0.0,1.0e-5,1.0,0.0,0.0,0.9135172474292831,0.08648192204579865,8.305249182339073e-7,false
5,27,0.0,1.0e-5,0.33214161407421944,0.667856404245991,1.9816797896749847e-6,0.33214161407420856,0.6678564041867604,1.981739031096688e-6,true
5,27,0.0,1.0e-5,0.2185842311774967,0.5870374904354303,0.194378278387072,0.21858300676091788,0.5870367339264924,0.19438025931258981,true
5,27,0.0,1.0e-5,0.024581743086833054,0.2881259046956756,0.68729235221749,0.02458171321911765,0.28812571561075134,0.6872925711701313,true
5,27,0.0,1.0e-5,0.0,0.0,1.0,0.00482985727190918,0.0,0.9951701427280908,false
5,27,0.0,1.0e-5,0.0,0.1,0.9,0.008232170720937878,0.10256678866946829,0.8892010406095938,false
5,27,0.0,1.0e-5,0.0,0.2,0.8,0.013866473764723863,0.1949642847891018,0.7911692414461738,false
5,27,0.0,1.0e-5,0.0,0.4,0.6,0.03782482588705794,0.35305455767338584,0.6091206164395571,false
5,27,0.0,1.0e-5,0.0,0.5,0.5,0.06097819025317909,0.42043247352034785,0.5185893362264735,false
5,27,0.0,1.0e-5,0.0,0.6000000000000001,0.3999999999999999,0.09614923851881034,0.4810266258583824,0.42282413562280724,false
5,27,0.0,1.0e-5,0.0,0.7000000000000001,0.29999999999999993,0.1469854326564191,0.5354963264210798,0.31751824092250097,false
5,27,0.0,1.0e-5,0.0,0.8,0.19999999999999996,0.21440513157815666,0.5844391295132203,0.20115573890862237,false
5,27,0.0,1.0e-5,0.0,0.9,0.09999999999999998,0.2889797206321357,0.6283963976886155,0.08262388167924893,false
5,27,0.0,1.0e-5,0.0,1.0,0.0,0.33214161425634936,0.6678583857436506,0.0,false
5,27,0.0,1.0e-5,0.1,0.0,0.9,0.008232127304036392,0.10256581554861058,0.8892020571473531,false
5,27,0.0,1.0e-5,0.1,0.1,0.8,0.013866402308552139,0.19496340833846873,0.7911701893529792,false
5,27,0.0,1.0e-5,0.1,0.2,0.7,0.023064810530499823,0.2781649293650002,0.6987702601044985,false
5,27,0.0,1.0e-5,0.1,0.30000000000000004,0.6,0.03782464178252665,0.3530538476109394,0.6091215106065336,false
5,27,0.0,1.0e-5,0.1,0.4,0.5,0.06097790514964364,0.4204318348129389,0.5185902600374177,false
5,27,0.0,1.0e-5,0.1,0.5,0.4,0.09614881372699316,0.4810260515842607,0.42282513468874594,false
5,27,0.0,1.0e-5,0.1,0.6000000000000001,0.29999999999999993,0.1469848380628547,0.53549581030561,0.31751935163153383,false
5,27,0.0,1.0e-5,0.1,0.7000000000000001,0.19999999999999996,0.2144043906527792,0.584438665870678,0.20115694347654253,false
5,27,0.0,1.0e-5,0.1,0.8,0.09999999999999998,0.2889790277314731,0.6283959813690029,0.08262499089952503,false
5,27,0.0,1.0e-5,0.1,0.9,0.0,0.33214161424987254,0.6678580120841321,3.7366599517175124e-7,false
5,27,0.0,1.0e-5,0.2,0.0,0.8,0.013866330852731278,0.1949625318869166,0.7911711372603519,false
5,27,0.0,1.0e-5,0.2,0.1,0.7000000000000001,0.023064694721905848,0.27816414031413483,0.6987711649639584,false
5,27,0.0,1.0e-5,0.2,0.2,0.6000000000000001,0.03782445767882749,0.3530531375477432,0.6091224047734303,false
5,27,0.0,1.0e-5,0.2,0.30000000000000004,0.5,0.06097762004730789,0.4204311961048521,0.5185911838478401,false
5,27,0.0,1.0e-5,0.2,0.4,0.4,0.09614838893676045,0.4810254773095271,0.42282613375371214,false
5,27,0.0,1.0e-5,0.2,0.5,0.30000000000000004,0.1469842434710239,0.5354952941895895,0.3175204623393866,false
5,27,0.0,1.0e-5,0.2,0.7000000000000001,0.09999999999999998,0.2889783348282192,0.6283955650489402,0.08262610012284072,false
5,27,0.0,1.0e-5,0.2,0.8,0.0,0.3321416142304426,0.6678576384242092,7.473453485025544e-7,false
5,27,0.0,1.0e-5,0.30000000000000004,0.0,0.7,0.023064578913860854,0.27816335126243863,0.6987720698236983,false
5,27,0.0,1.0e-5,0.30000000000000004,0.1,0.6,0.037824273575960375,0.3530524274837961,0.6091232989402441,false
5,27,0.0,1.0e-5,0.30000000000000004,0.2,0.49999999999999994,0.06097733494617184,0.4204305573960883,0.5185921076577417,false
5,27,0.0,1.0e-5,0.30000000000000004,0.30000000000000004,0.3999999999999999,0.09614796414811227,0.48102490303418205,0.42282713281770606,false
5,27,0.0,1.0e-5,0.30000000000000004,0.4,0.29999999999999993,0.14698364888092605,0.5354947780730154,0.3175215730460569,false
5,27,0.0,1.0e-5,0.30000000000000004,0.5,0.19999999999999996,0.21440290880482427,0.5844377385840979,0.20115935261107684,false
5,27,0.0,1.0e-5,0.30000000000000004,0.6000000000000001,0.09999999999999987,0.28897764192237485,0.6283951487284288,0.0826272093491962,false
5,27,0.0,1.0e-5,0.4,0.0,0.6,0.037824089473925265,0.3530517174190986,0.609124193106977,false
5,27,0.0,1.0e-5,0.4,0.1,0.5,0.060977049846235296,0.42042991868664586,0.5185930314671201,false
5,27,0.0,1.0e-5,0.4,0.2,0.39999999999999997,0.09614753936104836,0.4810243287582246,0.4228281318807275,false
5,27,0.0,1.0e-5,0.4,0.30000000000000004,0.29999999999999993,0.1469830542925618,0.5354942619558899,0.3175226837515472,false
5,27,0.0,1.0e-5,0.4,0.4,0.19999999999999996,0.2144021678822472,0.5844372749400617,0.20116055717769118,false
5,27,0.0,1.0e-5,0.4,0.5,0.09999999999999998,0.28897694901393994,0.6283947324074686,0.0826283185785918,false
5,27,0.0,1.0e-5,0.4,0.6000000000000001,-1.1102230246251565e-16,0.3321416141527229,0.6678568911031482,1.4947441289538466e-6,false
5,27,0.0,1.0e-5,0.5,0.0,0.5,0.06097676474749839,0.4204292799765258,0.5185939552759775,false
5,27,0.0,1.0e-5,0.5,0.1,0.4,0.09614711457556875,0.4810237544816549,0.4228291309427759,false
5,27,0.0,1.0e-5,0.5,0.2,0.3,0.14698245970593088,0.5354937458382122,0.3175237944558561,false
5,27,0.0,1.0e-5,0.5,0.30000000000000004,0.19999999999999996,0.21440142696060363,0.5844368112955272,0.2011617617438701,false
5,27,0.0,1.0e-5,0.5,0.4,0.09999999999999998,0.28897625610291433,0.6283943160860586,0.08262942781102683,false
5,27,0.0,1.0e-5,0.5,0.5,0.0,0.33214161409443377,0.6678565174420105,1.8684635558343294e-6,false
5,27,0.0,1.0e-5,0.6000000000000001,0.0,0.3999999999999999,0.09614668979167364,0.4810231802044736,0.42283013000385233,false
5,27,0.0,1.0e-5,0.6000000000000001,0.1,0.29999999999999993,0.14698186512103303,0.5354932297199817,0.3175249051589835,false
5,27,0.0,1.0e-5,0.6000000000000001,0.2,0.1999999999999999,0.2144006860398931,0.5844363476504928,0.20116296630961322,false
5,27,0.0,1.0e-5,0.6000000000000001,0.30000000000000004,0.09999999999999987,0.2889755631892986,0.6283938997642001,0.08263053704650147,false
5,27,0.0,1.0e-5,0.6000000000000001,0.4,-1.1102230246251565e-16,0.3321416140231918,0.6678561437804682,2.242196340144908e-6,false
5,27,0.0,1.0e-5,0.7000000000000001,0.0,0.29999999999999993,0.14698127053786894,0.5354927136012001,0.31752601586093077,false
5,27,0.0,1.0e-5,0.7000000000000001,0.1,0.19999999999999993,0.21439994512011662,0.5844358840049622,0.20116417087492153,false
5,27,0.0,1.0e-5,0.7000000000000001,0.2,0.09999999999999992,0.28897487027309215,0.6283934834418918,0.08263164628501575,false
5,27,0.0,1.0e-5,0.7000000000000001,0.30000000000000004,-1.1102230246251565e-16,0.3321416139389973,0.6678557701185209,2.6159424818485738e-6,false
5,27,0.0,1.0e-5,0.8,0.0,0.19999999999999996,0.21439920420127323,0.584435420358932,0.2011653754397942,false
5,27,0.0,1.0e-5,0.8,0.1,0.09999999999999995,0.28897417735429554,0.6283930671191355,0.08263275552656973,false
5,27,0.0,1.0e-5,0.8,0.2,-5.551115123125783e-17,0.3321416138418505,0.6678553964561688,2.9897019807630877e-6,false
5,27,0.0,1.0e-5,0.9,0.0,0.09999999999999998,0.28897348443290816,0.6283926507959287,0.08263386477116291,false
5,27,0.0,1.0e-5,0.9,0.1,-2.7755575615628914e-17,0.33214161373175133,0.6678550227934118,3.3634748366958514e-6,false
5,27,0.0,1.0e-5,1.0,0.0,0.0,0.33214161360870026,0.6678546491302503,3.7372610494957496e-6,false
10,27,0.0,1.0e-5,0.7623427139374168,0.2376552845981761,2.0014644068557943e-6,0.7623427139373864,0.23765528452329093,2.001539322724286e-6,true
10,27,0.0,1.0e-5,0.0,0.0,1.0,0.11291808209255737,0.0,0.8870819179074426,false
10,27,0.0,1.0e-5,0.0,0.1,0.9,0.14602305073254762,0.026651907530434917,0.8273250417370175,false
10,27,0.0,1.0e-5,0.0,0.2,0.8,0.1875704407448554,0.05261912176452846,0.7598104374906158,false
10,27,0.0,1.0e-5,0.0,0.30000000000000004,0.7,0.23902079544652582,0.07791857285352632,0.6830606316999464,false
10,27,0.0,1.0e-5,0.0,0.4,0.6,0.30163254953007546,0.10256678866946844,0.5958006618004571,false
10,27,0.0,1.0e-5,0.0,0.5,0.5,0.3760492695099593,0.12657990397461313,0.4973708265154282,false
10,27,0.0,1.0e-5,0.0,0.6000000000000001,0.3999999999999999,0.46158129666847897,0.1499736693907469,0.388445033940774,false
10,27,0.0,1.0e-5,0.0,0.7000000000000001,0.29999999999999993,0.5550024124896231,0.17276346017254895,0.27223412733782787,false
10,27,0.0,1.0e-5,0.0,0.8,0.19999999999999996,0.6485891989682387,0.19496428478910197,0.15644651624265915,false
10,27,0.0,1.0e-5,0.0,0.9,0.09999999999999998,0.7269939895944585,0.2165907933175595,0.056415217087981875,false
10,27,0.0,1.0e-5,0.0,1.0,0.0,0.7623427143471035,0.23765728565289646,0.0,false
10,27,0.0,1.0e-5,0.1,0.0,0.9,0.14602267993871046,0.02665164446334866,0.827325675597941,false
10,27,0.0,1.0e-5,0.1,0.1,0.8,0.1875699781219791,0.0526188654590471,0.7598111564189739,false
10,27,0.0,1.0e-5,0.1,0.2,0.7,0.23902022689987987,0.07791832314237508,0.6830614499577435,false
10,27,0.0,1.0e-5,0.1,0.30000000000000004,0.6,0.30163186465461156,0.10256654538934913,0.5958015899560387,false
10,27,0.0,1.0e-5,0.1,0.4,0.5,0.37604846700737377,0.1265796669661138,0.4973718660265124,false
10,27,0.0,1.0e-5,0.1,0.5,0.4,0.4615803935912537,0.14997343849825268,0.3884461679104934,false
10,27,0.0,1.0e-5,0.1,0.6000000000000001,0.29999999999999993,0.5550014595103163,0.172763235244155,0.27223530524552686,false
10,27,0.0,1.0e-5,0.1,0.7000000000000001,0.19999999999999996,0.6485883049944458,0.19496406567652977,0.1564476293290243,false
10,27,0.0,1.0e-5,0.1,0.8,0.09999999999999998,0.726993360694526,0.2165905798760729,0.05641605942940208,false
10,27,0.0,1.0e-5,0.1,0.9,0.0,0.7623427143426806,0.2376570777412198,2.079160995066859e-7,false
10,27,0.0,1.0e-5,0.2,0.0,0.8,0.18756951550009449,0.05261860915349891,0.7598118753464064,false
10,27,0.0,1.0e-5,0.2,0.1,0.7000000000000001,0.23901965835435504,0.07791807343115874,0.6830622682144856,false
10,27,0.0,1.0e-5,0.2,0.2,0.6000000000000001,0.30163117978033954,0.10256630210916659,0.5958025181104949,false
10,27,0.0,1.0e-5,0.2,0.30000000000000004,0.5,0.3760476645059205,0.12657942995755267,0.4973729055365271,false
10,27,0.0,1.0e-5,0.2,0.4,0.4,0.4615794905148535,0.14997320760569796,0.388447301879448,false
10,27,0.0,1.0e-5,0.2,0.5,0.30000000000000004,0.5550005065310898,0.17276301031570257,0.2722364831532077,false
10,27,0.0,1.0e-5,0.2,0.6000000000000001,0.19999999999999996,0.6485874110192359,0.19496384656390026,0.15644874241686368,false
10,27,0.0,1.0e-5,0.2,0.7000000000000001,0.09999999999999998,0.7269927317904501,0.2165903664345297,0.056416901775020505,false
10,27,0.0,1.0e-5,0.2,0.8,0.0,0.7623427143294124,0.23765686982948853,4.1584109925176134e-7,false
10,27,0.0,1.0e-5,0.30000000000000004,0.0,0.7,0.23901908980995074,0.07791782371987717,0.68306308647017,false
10,27,0.0,1.0e-5,0.30000000000000004,0.1,0.6,0.30163049490725835,0.10256605882892043,0.595803446263822,false
10,27,0.0,1.0e-5,0.30000000000000004,0.2,0.49999999999999994,0.37604686200559945,0.12657919294892978,0.4973739450454724,false
10,27,0.0,1.0e-5,0.30000000000000004,0.30000000000000004,0.3999999999999999,0.46157858743927915,0.14997297671308307,0.3884484358476381,false
10,27,0.0,1.0e-5,0.30000000000000004,0.4,0.29999999999999993,0.5549995535519398,0.17276278538719073,0.2722376610608677,false
10,27,0.0,1.0e-5,0.30000000000000004,0.5,0.19999999999999996,0.6485865170426092,0.1949636274512131,0.15644985550617696,false
10,27,0.0,1.0e-5,0.30000000000000004,0.6000000000000001,0.09999999999999987,0.7269921028822318,0.21659015299293066,0.05641774412483722,false
10,27,0.0,1.0e-5,0.30000000000000004,0.7000000000000001,-1.1102230246251565e-16,0.7623427143072983,0.23765666191770268,6.237749991518421e-7,false
10,27,0.0,1.0e-5,0.4,0.0,0.6,0.30162981003536815,0.10256581554861073,0.5958043744160219,false
10,27,0.0,1.0e-5,0.4,0.1,0.5,0.3760460595064096,0.12657895594024474,0.49737498455334717,false
10,27,0.0,1.0e-5,0.4,0.2,0.39999999999999997,0.4615776843645295,0.1499727458204077,0.38844956981506334,false
10,27,0.0,1.0e-5,0.4,0.30000000000000004,0.29999999999999993,0.554998600572869,0.17276256045862037,0.2722388389685095,false
10,27,0.0,1.0e-5,0.4,0.4,0.19999999999999996,0.6485856230645666,0.19496340833846873,0.15645096859696464,false
10,27,0.0,1.0e-5,0.4,0.5,0.09999999999999998,0.7269914739698717,0.21658993955127592,0.05641858647885257,false
10,27,0.0,1.0e-5,0.4,0.6000000000000001,-1.1102230246251565e-16,0.7623427142763387,0.23765645400586222,8.317177991928045e-7,false
10,27,0.0,1.0e-5,0.5,0.0,0.5,0.3760452570083518,0.1265787189314978,0.49737602406015224,false
10,27,0.0,1.0e-5,0.5,0.1,0.4,0.4615767812906043,0.14997251492767172,0.38845070378172364,false
10,27,0.0,1.0e-5,0.5,0.2,0.3,0.5549976475938762,0.17276233552999115,0.27224001687613175,false
10,27,0.0,1.0e-5,0.5,0.30000000000000004,0.19999999999999996,0.6485847290851073,0.19496318922566708,0.15645208168922617,false
10,27,0.0,1.0e-5,0.5,0.4,0.09999999999999998,0.726990845053369,0.2165897261095648,0.056419428837065945,false
10,27,0.0,1.0e-5,0.5,0.5,0.0,0.7623427142365338,0.23765624609396713,1.0396694993143517e-6,false
10,27,0.0,1.0e-5,0.6000000000000001,0.0,0.3999999999999999,0.46157587821750506,0.14997228403487542,0.38845183774761916,false
10,27,0.0,1.0e-5,0.6000000000000001,0.1,0.29999999999999993,0.5549966946149609,0.17276211060130278,0.27224119478373415,false
10,27,0.0,1.0e-5,0.6000000000000001,0.2,0.1999999999999999,0.6485838351042305,0.19496297011280744,0.15645319478296146,false
10,27,0.0,1.0e-5,0.6000000000000001,0.30000000000000004,0.09999999999999987,0.7269902161327245,0.21658951266779788,0.05642027119947754,false
10,27,0.0,1.0e-5,0.6000000000000001,0.4,-1.1102230246251565e-16,0.7623427141878832,0.23765603818201747,1.2476300993869242e-6,false
10,27,0.0,1.0e-5,0.7000000000000001,0.0,0.29999999999999993,0.5549957416361259,0.17276188567255596,0.2722423726913182,false
10,27,0.0,1.0e-5,0.7000000000000001,0.1,0.19999999999999993,0.6485829411219383,0.19496275099989088,0.15645430787817127,false
10,27,0.0,1.0e-5,0.7000000000000001,0.2,0.09999999999999992,0.7269895872079374,0.21658929922597492,0.056421113566087415,false
10,27,0.0,1.0e-5,0.7000000000000001,0.30000000000000004,-1.1102230246251565e-16,0.7623427141303876,0.23765583027001316,1.4555995994194933e-6,false
10,27,0.0,1.0e-5,0.8,0.0,0.19999999999999996,0.6485820471382285,0.19496253188691662,0.15645542097485488,false
10,27,0.0,1.0e-5,0.8,0.1,0.09999999999999995,0.726988958279009,0.21658908578409616,0.05642195593689562,false
10,27,0.0,1.0e-5,0.9,0.0,0.09999999999999998,0.7269883293459367,0.216588872342161,0.05642279831190176,false
10,27,0.0,1.0e-5,0.9,0.1,-2.7755575615628914e-17,0.7623427139888602,0.2376554144458407,1.871565299071483e-6,false
10,27,0.0,1.0e-5,1.0,0.0,0.0,0.7623427139048288,0.2376552065336726,2.079561498558771e-6,false
5,81,0.0,1.0e-5,0.03664121584544172,0.9633587324475483,5.170700957235244e-8,0.0366412158454417,0.9633587324470367,5.170752112391657e-8,true
5,81,0.0,1.0e-5,0.0,0.0,1.0,2.8269552943042614e-8,0.0,0.9999999717304471,false
5,81,0.0,1.0e-5,0.0,0.1,0.9,1.4058300511888123e-7,0.27721952468685024,0.7227803347301452,false
5,81,0.0,1.0e-5,0.0,0.2,0.8,6.776713678076486e-7,0.4782704388708112,0.521728883457821,false
5,81,0.0,1.0e-5,0.0,0.30000000000000004,0.7,3.170237290184989e-6,0.6238920515953641,0.37610477816734517,false
5,81,0.0,1.0e-5,0.0,0.4,0.6,1.44087904801082e-5,0.7292284862219934,0.2707571049875261,false
5,81,0.0,1.0e-5,0.0,0.5,0.5,6.36839595801971e-5,0.8053241269196066,0.1946121891208212,false
5,81,0.0,1.0e-5,0.0,0.6000000000000001,0.3999999999999999,0.00027380518496950376,0.8602231557997235,0.13950303901530603,false
5,81,0.0,1.0e-5,0.0,0.7000000000000001,0.29999999999999993,0.0011425678012966076,0.899776986019278,0.0990804461794279,false
5,81,0.0,1.0e-5,0.0,0.8,0.19999999999999996,0.004566372983585126,0.9282364454180572,0.06719718159835798,false
5,81,0.0,1.0e-5,0.0,0.9,0.09999999999999998,0.016431129387281113,0.9486855419971728,0.03488332861554677,false
5,81,0.0,1.0e-5,0.1,0.0,0.9,1.4058077234772418e-7,0.27721717346947916,0.7227826859497507,false
5,81,0.0,1.0e-5,0.1,0.1,0.8,6.776608118636442e-7,0.478268734831997,0.5217305875071933,false
5,81,0.0,1.0e-5,0.1,0.2,0.7,3.170188840082954e-6,0.6238908182029289,0.37610601160823126,false
5,81,0.0,1.0e-5,0.1,0.30000000000000004,0.6,1.4408574359562625e-5,0.7292275946558016,0.27075799676983636,false
5,81,0.0,1.0e-5,0.1,0.4,0.5,6.368302194577066e-5,0.8053234832962751,0.19461283368177923,false
5,81,0.0,1.0e-5,0.1,0.5,0.4,0.00027380123025626106,0.8602226917856681,0.1395035069840742,false
5,81,0.0,1.0e-5,0.1,0.6000000000000001,0.29999999999999993,0.0011425516786759508,0.8997766519420127,0.09908079637931153,false
5,81,0.0,1.0e-5,0.1,0.7000000000000001,0.19999999999999996,0.004566311263236775,0.9282362052173344,0.06719748351943082,false
5,81,0.0,1.0e-5,0.1,0.8,0.09999999999999998,0.0164309372078939,0.9486853695292079,0.03488369326290078,false
5,81,0.0,1.0e-5,0.1,0.9,0.0,0.03664121583999942,0.9633586604890959,1.2367090492133628e-7,false
5,81,0.0,1.0e-5,0.2,0.0,0.8,6.776502560820377e-7,0.4782670307876858,0.5217322915620612,false
5,81,0.0,1.0e-5,0.2,0.1,0.7000000000000001,3.1701403907122274e-6,0.6238895848064998,0.37610724505311144,false
5,81,0.0,1.0e-5,0.2,0.2,0.6000000000000001,1.4408358242218547e-5,0.7292267030867144,0.27075888855504443,false
5,81,0.0,1.0e-5,0.2,0.30000000000000004,0.5,6.36820843249753e-5,0.8053228396708498,0.194613478244827,false
5,81,0.0,1.0e-5,0.2,0.4,0.4,0.00027379727559934065,0.8602222277700922,0.1395039749543075,false
5,81,0.0,1.0e-5,0.2,0.5,0.30000000000000004,0.0011425355562782093,0.8997763178636531,0.0990811465800727,false
5,81,0.0,1.0e-5,0.2,0.6000000000000001,0.19999999999999996,0.004566249543681129,0.9282359650158147,0.06719778544050477,false
5,81,0.0,1.0e-5,0.2,0.7000000000000001,0.09999999999999998,0.016430745030191117,0.9486851970606687,0.03488405790914272,false
5,81,0.0,1.0e-5,0.2,0.8,0.0,0.03664121582021375,0.9633585368243734,2.473554123743831e-7,false
5,81,0.0,1.0e-5,0.30000000000000004,0.0,0.7,3.1700919420727806e-6,0.6238883514060722,0.37610847850198365,false
5,81,0.0,1.0e-5,0.30000000000000004,0.1,0.6,1.4408142128075842e-5,0.7292258115147255,0.2707597803431474,false
5,81,0.0,1.0e-5,0.30000000000000004,0.2,0.49999999999999994,6.368114671780987e-5,0.8053221960433249,0.19461412280996326,false
5,81,0.0,1.0e-5,0.30000000000000004,0.30000000000000004,0.3999999999999999,0.0002737933209987415,0.8602217637529946,0.13950444292600578,false
5,81,0.0,1.0e-5,0.30000000000000004,0.4,0.29999999999999993,0.0011425194341033711,0.8997759837841859,0.09908149678170988,false
5,81,0.0,1.0e-5,0.30000000000000004,0.5,0.19999999999999996,0.004566187824918186,0.9282357248135022,0.06719808736158014,false
5,81,0.0,1.0e-5,0.30000000000000004,0.6000000000000001,0.09999999999999987,0.0164305528541728,0.9486850245915545,0.03488442255427262,false
5,81,0.0,1.0e-5,0.30000000000000004,0.7000000000000001,-1.1102230246251565e-16,0.03664121578723832,0.9633584131592399,3.710535218257497e-7,false
5,81,0.0,1.0e-5,0.4,0.0,0.6,1.4407926017134436e-5,0.7292249199398364,0.2707606721341468,false
5,81,0.0,1.0e-5,0.4,0.1,0.5,6.368020912427394e-5,0.8053215524136931,0.1946147673771866,false
5,81,0.0,1.0e-5,0.4,0.2,0.39999999999999997,0.0002737893664544599,0.8602212997343721,0.13950491089916855,false
5,81,0.0,1.0e-5,0.4,0.30000000000000004,0.29999999999999993,0.0011425033121514416,0.8997756497036264,0.099081846984225,false
5,81,0.0,1.0e-5,0.4,0.4,0.19999999999999996,0.004566126106947939,0.9282354846103961,0.06719838928265694,false
5,81,0.0,1.0e-5,0.4,0.5,0.09999999999999998,0.01643036067983897,0.9486848521218725,0.03488478719829077,false
5,81,0.0,1.0e-5,0.4,0.6000000000000001,-1.1102230246251565e-16,0.03664121574107361,0.9633582894936936,4.947652327832619e-7,false
5,81,0.0,1.0e-5,0.5,0.0,0.5,6.367927154436791e-5,0.8053209087819625,0.19461541194649815,false
5,81,0.0,1.0e-5,0.5,0.1,0.4,0.0002737854119665006,0.8602208357142346,0.1395053788737975,false
5,81,0.0,1.0e-5,0.5,0.2,0.3,0.0011424871904224107,0.8997753156219634,0.0990821971876165,false
5,81,0.0,1.0e-5,0.5,0.30000000000000004,0.19999999999999996,0.004566064389770379,0.9282352444064964,0.06719869120373514,false
5,81,0.0,1.0e-5,0.5,0.4,0.09999999999999998,0.01643016850718958,0.9486846796516138,0.034885151841196796,false
5,81,0.0,1.0e-5,0.5,0.5,0.0,0.03664121568172013,0.9633581658277348,6.184905447272956e-7,false
5,81,0.0,1.0e-5,0.6000000000000001,0.0,0.3999999999999999,0.0002737814575348581,0.8602203716925729,0.1395058468498909,false
5,81,0.0,1.0e-5,0.6000000000000001,0.1,0.29999999999999993,0.001142471068916276,0.8997749815391977,0.09908254739188474,false
5,81,0.0,1.0e-5,0.6000000000000001,0.2,0.1999999999999999,0.004566002673385477,0.928235004201799,0.06719899312481448,false
5,81,0.0,1.0e-5,0.6000000000000001,0.30000000000000004,0.09999999999999987,0.01642997633622473,0.9486845071807856,0.034885516482990916,false
5,81,0.0,1.0e-5,0.6000000000000001,0.4,-1.1102230246251565e-16,0.03664121560917843,0.9633580421613647,7.422294570970314e-7,false
5,81,0.0,1.0e-5,0.7000000000000001,0.0,0.29999999999999993,0.0011424549476330447,0.8997746474553393,0.0990828975970307,false
5,81,0.0,1.0e-5,0.7000000000000001,0.1,0.19999999999999993,0.0045659409577932615,0.9282347639963129,0.06719929504589563,false
5,81,0.0,1.0e-5,0.7000000000000001,0.2,0.09999999999999992,0.016429784166944284,0.9486843347093818,0.03488588112367303,false
5,81,0.0,1.0e-5,0.7000000000000001,0.30000000000000004,-1.1102230246251565e-16,0.03664121552344902,0.9633579184945819,8.65981969414086e-7,false
5,81,0.0,1.0e-5,0.8,0.0,0.19999999999999996,0.004565879242993684,0.9282345237900272,0.06719959696697776,false
5,81,0.0,1.0e-5,0.8,0.1,0.09999999999999995,0.01642959199934839,0.94868416223741,0.03488624576324336,false
5,81,0.0,1.0e-5,0.8,0.2,-5.551115123125783e-17,0.03664121542453241,0.9633577948273865,9.89748081152013e-7,false
5,81,0.0,1.0e-5,0.9,0.0,0.09999999999999998,0.016429399833436897,0.9486839897648611,0.034886610401701525,false
5,81,0.0,1.0e-5,0.9,0.1,-2.7755575615628914e-17,0.036641215312429115,0.9633576711597788,1.1135277917809484e-6,false
5,81,0.0,1.0e-5,1.0,0.0,0.0,0.03664121518713968,0.9633575474917591,1.2373211007847776e-6,false
10,81,0.0,1.0e-5,0.44304798047989796,0.5569494987439231,2.520776178533497e-6,0.44304798047974864,0.5569494985795326,2.5209407191463307e-6,true
10,81,0.0,1.0e-5,0.42165132630840924,0.5445187345835212,0.03382993910806885,0.42164961880540347,0.5445181650613025,0.03383221613329328,true
10,81,0.0,1.0e-5,0.0003999516409131977,0.001697558745748045,0.9979024896133389,0.0003999516279619378,0.0016975555118960818,0.9979024928601423,true
10,81,0.0,1.0e-5,0.0,0.1,0.9,0.0008802203451968709,0.07784368156050125,0.9212760980943029,false
10,81,0.0,1.0e-5,0.0,0.2,0.8,0.0019543229907810784,0.14969673971747957,0.8483489372917395,false
10,81,0.0,1.0e-5,0.0,0.30000000000000004,0.7,0.004302906410362937,0.2160148739166799,0.7796822196729568,false
10,81,0.0,1.0e-5,0.0,0.4,0.6,0.009388726588017156,0.27721952468685007,0.7133917487251323,false
10,81,0.0,1.0e-5,0.0,0.5,0.5,0.020268124895536067,0.3337004186317914,0.646031456472681,false
10,81,0.0,1.0e-5,0.0,0.6000000000000001,0.3999999999999999,0.04312317471364291,0.385817926636508,0.5710588986498483,false
10,81,0.0,1.0e-5,0.0,0.7000000000000001,0.29999999999999993,0.08964026639826865,0.43390524882916626,0.4764544847725679,false
10,81,0.0,1.0e-5,0.0,0.8,0.19999999999999996,0.17839553256189908,0.4782704388708114,0.3433340285672897,false
10,81,0.0,1.0e-5,0.0,0.9,0.09999999999999998,0.32265936934697553,0.5191982792439807,0.15814235140904465,false
10,81,0.0,1.0e-5,0.0,1.0,0.0,0.44304798162617254,0.5569520183738275,0.0,false
10,81,0.0,1.0e-5,0.1,0.0,0.9,0.0008802132882309368,0.0778429338658897,0.9212768528458817,false
10,81,0.0,1.0e-5,0.1,0.1,0.8,0.001954307483384077,0.14969604959131066,0.8483496429253073,false
10,81,0.0,1.0e-5,0.1,0.2,0.7,0.004302872637023918,0.216014236977656,0.7796828903853205,false
10,81,0.0,1.0e-5,0.1,0.30000000000000004,0.6,0.009388653799195233,0.27721893688321475,0.713392409317588,false
10,81,0.0,1.0e-5,0.1,0.4,0.5,0.020267970210526454,0.33369987621683606,0.6460321535726375,false
10,81,0.0,1.0e-5,0.1,0.5,0.4,0.04312285324667566,0.3858174261458842,0.5710597206074383,false
10,81,0.0,1.0e-5,0.1,0.6000000000000001,0.29999999999999993,0.08963962555539152,0.433904787059847,0.4764555873847619,false
10,81,0.0,1.0e-5,0.1,0.7000000000000001,0.19999999999999996,0.17839436621785149,0.47827001286162385,0.3433356209205267,false
10,81,0.0,1.0e-5,0.1,0.8,0.09999999999999998,0.32265773017211924,0.5191978862575527,0.15814438357033112,false
10,81,0.0,1.0e-5,0.1,0.9,0.0,0.4430479816024459,0.5569516558798779,3.6251767630758226e-7,false
10,81,0.0,1.0e-5,0.2,0.0,0.8,0.001954291976108494,0.14969535946458845,0.8483503485593065,false
10,81,0.0,1.0e-5,0.2,0.1,0.7000000000000001,0.004302838863946141,0.21601360003812134,0.7796835610979346,false
10,81,0.0,1.0e-5,0.2,0.2,0.6000000000000001,0.009388581010927793,0.2772183490791091,0.7133930699099644,false
10,81,0.0,1.0e-5,0.2,0.30000000000000004,0.5,0.020267815526668936,0.33369933380144823,0.6460328506718852,false
10,81,0.0,1.0e-5,0.2,0.4,0.4,0.0431225317820083,0.3858169256548584,0.571060542563132,false
10,81,0.0,1.0e-5,0.2,0.5,0.30000000000000004,0.08963898471672564,0.4339043252901579,0.47645668999312046,false
10,81,0.0,1.0e-5,0.2,0.6000000000000001,0.19999999999999996,0.1783931998798525,0.4782695868520912,0.34333721326805716,false
10,81,0.0,1.0e-5,0.2,0.7000000000000001,0.09999999999999998,0.3226560909980544,0.5191974932708064,0.1581464157311416,false
10,81,0.0,1.0e-5,0.2,0.8,0.0,0.44304798153126623,0.5569512933856351,7.250830982515102e-7,false
10,81,0.0,1.0e-5,0.30000000000000004,0.0,0.7,0.00430280509112957,0.21601296309807425,0.7796842318107938,false
10,81,0.0,1.0e-5,0.30000000000000004,0.1,0.6,0.009388508223214792,0.2772177612745302,0.7133937305022566,false
10,81,0.0,1.0e-5,0.30000000000000004,0.2,0.49999999999999994,0.02026766084396327,0.3336987913856245,0.6460335477704179,false
10,81,0.0,1.0e-5,0.30000000000000004,0.30000000000000004,0.3999999999999999,0.04312221031964066,0.38581642516342946,0.5710613645169293,false
10,81,0.0,1.0e-5,0.30000000000000004,0.4,0.29999999999999993,0.08963834388226985,0.4339038635200937,0.47645779259763604,false
10,81,0.0,1.0e-5,0.30000000000000004,0.5,0.19999999999999996,0.17839203354790278,0.47826916084221566,0.3433388056098822,false
10,81,0.0,1.0e-5,0.30000000000000004,0.6000000000000001,0.09999999999999987,0.32265445182478236,0.5191971002837418,0.1581484478914759,false
10,81,0.0,1.0e-5,0.30000000000000004,0.7000000000000001,-1.1102230246251565e-16,0.4430479814126354,0.5569509308910999,1.0876962647693719e-6,false
10,81,0.0,1.0e-5,0.4,0.0,0.6,0.009388435436056195,0.2772171734694789,0.713394391094466,false
10,81,0.0,1.0e-5,0.4,0.1,0.5,0.020267506162409327,0.333698248969363,0.6460342448682324,false
10,81,0.0,1.0e-5,0.4,0.2,0.39999999999999997,0.0431218888595725,0.38581592467159603,0.5710621864688263,false
10,81,0.0,1.0e-5,0.4,0.30000000000000004,0.29999999999999993,0.08963770305202529,0.4339034017496607,0.47645889519831713,false
10,81,0.0,1.0e-5,0.4,0.4,0.19999999999999996,0.17839086722200234,0.4782687348319967,0.3433403979460018,false
10,81,0.0,1.0e-5,0.4,0.5,0.09999999999999998,0.3226528126523042,0.5191967072963622,0.15815048005133556,false
10,81,0.0,1.0e-5,0.5,0.0,0.5,0.020267351482007256,0.3336977065526662,0.6460349419653318,false
10,81,0.0,1.0e-5,0.5,0.1,0.4,0.04312156740180446,0.3858154241793631,0.5710630084188316,false
10,81,0.0,1.0e-5,0.5,0.2,0.3,0.08963706222599113,0.43390293997885376,0.47645999779515746,false
10,81,0.0,1.0e-5,0.5,0.30000000000000004,0.19999999999999996,0.17838970090215095,0.47826830882143445,0.3433419902764164,false
10,81,0.0,1.0e-5,0.5,0.4,0.09999999999999998,0.3226511734806183,0.5191963143086634,0.15815251221071833,false
10,81,0.0,1.0e-5,0.5,0.5,0.0,0.4430479810330221,0.5569502059011501,1.8130658276799346e-6,false
10,81,0.0,1.0e-5,0.6000000000000001,0.0,0.3999999999999999,0.043121245946335936,0.3858149236867255,0.5710638303669372,false
10,81,0.0,1.0e-5,0.6000000000000001,0.1,0.29999999999999993,0.08963642140416725,0.43390247820767375,0.47646110038815753,false
10,81,0.0,1.0e-5,0.6000000000000001,0.2,0.1999999999999999,0.17838853458834814,0.4782678828105268,0.34334358260112374,false
10,81,0.0,1.0e-5,0.6000000000000001,0.30000000000000004,0.09999999999999987,0.32264953430972704,0.5191959213206492,0.1581545443696254,false
10,81,0.0,1.0e-5,0.6000000000000001,0.4,-1.1102230246251565e-16,0.44304798077204216,0.556949843405736,2.1758222219076128e-6,false
10,81,0.0,1.0e-5,0.7000000000000001,0.0,0.29999999999999993,0.0896357805865548,0.43390201643612525,0.4764622029773232,false
10,81,0.0,1.0e-5,0.7000000000000001,0.1,0.19999999999999993,0.17838736828059532,0.4782674567992785,0.343345174920128,false
10,81,0.0,1.0e-5,0.7000000000000001,0.2,0.09999999999999992,0.3226478951396281,0.5191955283323153,0.15815657652805581,false
10,81,0.0,1.0e-5,0.7000000000000001,0.30000000000000004,-1.1102230246251565e-16,0.44304798046361465,0.5569494809100288,2.5386263567013124e-6,false
10,81,0.0,1.0e-5,0.8,0.0,0.19999999999999996,0.17838620197889068,0.47826703078768373,0.34334676723342444,false
10,81,0.0,1.0e-5,0.8,0.1,0.09999999999999995,0.322646255970324,0.5191951353436675,0.1581586086860105,false
10,81,0.0,1.0e-5,0.8,0.2,-5.551115123125783e-17,0.4430479801077404,0.5569491184140287,2.9014782310188346e-6,false
10,81,0.0,1.0e-5,0.9,0.0,0.09999999999999998,0.3226446168018126,0.5191947423546992,0.1581606408434879,false
10,81,0.0,1.0e-5,0.9,0.1,-2.7755575615628914e-17,0.4430479797044204,0.5569487559177355,3.2643778438079244e-6,false
10,81,0.0,1.0e-5,1.0,0.0,0.0,0.4430479792536561,0.5569483934211495,3.6273251940566107e-6,false
