S,D,bespoke_zilch,bespoke_full,comp_zilch,comp_partial,comp_full,asymptotic_compositionality,asymptotic_cost,bespoke_cost,comp_cost
5,3,10,1,100,3,2,1.6150580563889158e-8,8.962623909816877,8.962624007962624,4.60005084486049
10,3,10,1,100,3,2,2.196115226733713e-10,9.732691007926277,9.73269100873269,6.649165813863775
5,9,10,1,100,3,2,0.9671597290886774,2.399665732331263,7.232805968653127,2.378003987768781
10,9,10,1,100,3,2,0.711087740666143,4.555220535667937,9.221655235574422,3.6784358151675427
5,27,10,1,100,3,2,0.8496766604174234,1.8608037638973105,3.989274531296419,2.004901543766383
10,27,10,1,100,3,2,0.9950923816736713,2.138127629264326,7.861084435985017,2.137286380244577
5,81,10,1,100,3,2,0.009384350472469986,1.2729973440771567,1.3297709429491236,2.0000000284498394
10,81,10,1,100,3,2,0.9999979111975357,2.0003943082795295,4.987431838622985,2.0003959935033366
5,243,10,1,100,3,2,,,1.0004427434434593,2.0
10,243,10,1,100,3,2,0.1146937425574063,1.1320418830297478,1.7826990326669212,2.000000000015301
5,3,10,1,100,4,2,1.289773591585825e-8,8.962623941091758,8.962624007962624,5.103989599136385
10,3,10,1,100,4,2,2.1920148931381793e-10,9.73269100804478,9.73269100873269,7.047625872281389
5,9,10,1,100,4,2,0.966470435637598,2.6454463322075186,7.232805968653127,2.6123764307205737
10,9,10,1,100,4,2,0.7093096590347117,5.041407528312129,9.221655235574422,4.157102307357259
5,27,10,1,100,4,2,0.8494578308030132,1.871394381263877,3.989274531296419,2.0097663583549426
10,27,10,1,100,4,2,0.994848081511172,2.2500621349961807,7.861084435985017,2.2477495734365105
5,81,10,1,100,4,2,0.009267516959644903,1.2813095201521594,1.3297709429491236,2.000000056958507
10,81,10,1,100,4,2,0.9999946795967486,2.0007882205628773,4.987431838622985,2.0007924959187045
5,243,10,1,100,4,2,,,1.0004427434434593,2.0
10,243,10,1,100,4,2,0.11466540528676611,1.1447438085361092,1.7826990326669212,2.0000000000306337
5,3,10,1,100,5,2,8.351759379459726e-9,8.962623972188023,8.962624007962624,5.613010491964677
10,3,10,1,100,5,2,2.1810097533313727e-10,9.732691008165814,9.73269100873269,7.450104334140478
5,9,10,1,100,5,2,0.9646001256747132,2.895777463299295,7.232805968653127,2.84911248079295
10,9,10,1,100,5,2,0.7044807148762948,5.542842104876804,9.221655235574422,4.640596071537979
5,27,10,1,100,5,2,0.848866954438507,1.881839336428475,3.989274531296419,2.0146802337898073
10,27,10,1,100,5,2,0.9941863338681776,2.3635699113060236,7.861084435985017,2.359326769566257
5,81,10,1,100,5,2,0.00895024175316525,1.290350413560404,1.3297709429491236,2.0000000857546794
10,81,10,1,100,5,2,0.9999859453628946,2.001181748634823,4.987431838622985,2.0011929969950093
5,243,10,1,100,5,2,,,1.0004427434434593,2.0
10,243,10,1,100,5,2,0.1145886555056513,1.1576218478947513,1.7826990326669212,2.000000000046121
5,3,10,1,100,6,2,4.297954356862006e-9,8.9626239935013,8.962624007962624,6.131951702169603
10,3,10,1,100,6,2,2.152096231440591e-10,9.73269100829161,9.73269100873269,7.860426706014177
5,9,10,1,100,6,2,0.9595407218101533,3.157708246382901,7.232805968653127,3.0904622840222147
10,9,10,1,100,6,2,0.6913857229507941,6.081124215455915,9.221655235574422,5.133512654423932
5,27,10,1,100,6,2,0.8472893254868109,1.89188487703023,3.989274531296419,2.0196898758317996
10,27,10,1,100,6,2,0.9924045137678738,2.4808153597037483,7.861084435985017,2.4730784956872034
5,81,10,1,100,6,2,0.008090026913686994,1.3009275935851723,1.3297709429491236,2.000000115112061
10,81,10,1,100,6,2,0.9999625676931101,2.0015714693179665,4.987431838622985,2.001601303444026
5,243,10,1,100,6,2,,,1.0004427434434593,2.0
10,243,10,1,100,6,2,0.11438206299852795,1.1709156210199714,1.7826990326669212,2.00000000006191
5,3,10,1,100,7,2,1.8972975692621307e-9,8.962624003375458,8.962624007962624,6.666809836171221
10,3,10,1,100,7,2,2.0802076716128844e-10,9.732691008424183,9.73269100873269,8.28333445325749
5,9,10,1,100,7,2,0.9459624397744976,3.44898670105545,7.232805968653127,3.3392147493465365
10,9,10,1,100,7,2,0.6560035118726897,6.7061635091510094,9.221655235574422,5.641547935793712
5,27,10,1,100,7,2,0.8431979220543818,1.9009036659156335,3.989274531296419,2.024853173218681
10,27,10,1,100,7,2,0.9876824921762689,2.6066181911357034,7.861084435985017,2.5903192057639512
5,81,10,1,100,7,2,0.005766787250583564,1.314333811364321,1.3297709429491236,2.00000014536989
10,81,10,1,100,7,2,0.9999015936281515,2.0019440397865247,4.987431838622985,2.002022133436186
5,243,10,1,100,7,2,,,1.0004427434434593,2.0
10,243,10,1,100,7,2,0.11383502373245499,1.1851524456478406,1.7826990326669212,2.0000000000781837
5,3,10,1,100,8,2,8.033187111702158e-10,8.962624006799457,8.962624007962624,7.214558263498328
10,3,10,1,100,8,2,1.9235491096631665e-10,9.732691008559009,9.73269100873269,8.716434445070039
5,9,10,1,100,8,2,0.9102068226682112,3.813945132418511,7.232805968653127,3.5939622478200772
10,9,10,1,100,8,2,0.5610453964703506,7.523704475938881,9.221655235574422,6.161827069094022
5,27,10,1,100,8,2,0.8333078461167388,1.907644437723808,3.989274531296419,2.030140908122003
10,27,10,1,100,8,2,0.9756692212487283,2.7506648737715658,7.861084435985017,2.710385463488767
5,81,10,1,100,8,2,7.399191806076343e-10,1.3297709417511177,1.3297709429491236,2.0000001763569446
10,81,10,1,100,8,2,0.9997527326997296,2.002257756570722,4.987431838622985,2.0024531055981925
5,243,10,1,100,8,2,,,1.0004427434434593,2.0
10,243,10,1,100,8,2,0.11244634693253683,1.2013695925118948,1.7826990326669212,2.000000000094849
5,3,10,1,100,9,2,3.646679192236836e-10,8.962624007767092,8.962624007962624,7.7295292579149395
10,3,10,1,100,9,2,1.6623780162542904e-10,9.73269100867326,9.73269100873269,9.12361760131184
5,9,10,1,100,9,2,0.8192823278695863,4.366138643750043,7.232805968653127,3.8334655783074507
10,9,10,1,100,9,2,0.3052207059119058,8.675828144015412,9.221655235574422,6.650972540414323
5,27,10,1,100,9,2,0.8127049401760633,1.9106907268543365,3.989274531296419,2.0351122233563768
10,27,10,1,100,9,2,0.9479107671986535,2.9285469346049906,7.861084435985017,2.823266919740771
5,81,10,1,100,9,2,2.393438626352763e-11,1.3297709429347726,1.3297709429491236,2.0000002054897243
10,81,10,1,100,9,2,0.9994412686599431,2.0024187803690734,4.987431838622985,2.002858288254613
5,243,10,1,100,9,2,,,1.0004427434434593,2.0
10,243,10,1,100,9,2,0.10925535522719064,1.2211549396797146,1.7826990326669212,2.0000000001105174
5,3,10,1,100,10,2,1.979098066834805e-10,8.962624007984514,8.962624007962624,8.094848002359297
10,3,10,1,100,10,2,1.374419592791153e-10,9.732691008736733,9.73269100873269,9.412472004782968
5,9,10,1,100,10,2,0.5852671593157804,5.473917458831785,7.232805968653127,4.003368460086275
10,9,10,1,100,10,2,5.388535706005447e-10,9.221655235619172,9.221655235574422,6.997970742974861
5,27,10,1,100,10,2,0.7795715374045377,1.9105357810929746,3.989274531296419,2.038638858175326
10,27,10,1,100,10,2,0.894883738427555,3.1554527475707337,7.861084435985017,2.9033446567708916
5,81,10,1,100,10,2,9.599996202502645e-12,1.3297709429503113,1.3297709429491236,2.000000226156424
10,81,10,1,100,10,2,0.9989582016873976,2.0023288715189618,4.987431838622985,2.0031457235100327
5,243,10,1,100,10,2,,,1.0004427434434593,2.0
10,243,10,1,100,10,2,0.10323895148792038,1.2457821882827806,1.7826990326669212,2.0000000001216325
5,3,10,1,100,11,2,1.3580696668976693e-10,8.962624008009959,8.962624007962624,8.22924125791494
10,3,10,1,100,11,2,1.1714927074280287e-10,9.732691008752811,9.73269100873269,9.518735601311839
5,9,10,1,100,11,2,3.814636575972053e-10,7.232805968965338,7.232805968653127,4.065872237288486
10,9,10,1,100,11,2,1.7740718480987575e-10,9.22165523566048,9.221655235574422,7.125624247820324
5,27,10,1,100,11,2,0.7423467156084057,1.9099628744454438,3.989274531296419,2.0399362346217367
10,27,10,1,100,11,2,0.8184948009842564,3.4311365509861584,7.861084435985017,2.932803609919806
5,81,10,1,100,11,2,6.0041119487878135e-12,1.3297709429514641,1.3297709429491236,2.0000002337592773
10,81,10,1,100,11,2,0.9984721202457887,2.002055119867452,4.987431838622985,2.0032514650311697
5,243,10,1,100,11,2,,,1.0004427434434593,2.0
10,243,10,1,100,11,2,0.094816666003607,1.274369082375009,1.7826990326669212,2.0000000001257217
5,3,10,1,100,12,2,1.1285691359709497e-10,8.96262400799891,8.962624007962624,8.213982263498329
10,3,10,1,100,12,2,1.0691901307474877e-10,9.73269100874933,9.73269100873269,9.50667044507004
5,9,10,1,100,12,2,1.4057507349138885e-10,7.232805968759264,7.232805968653127,4.058775565782149
10,9,10,1,100,12,2,1.2365499472530485e-10,9.221655235628758,9.221655235574422,7.111130483906025
5,27,10,1,100,12,2,,,3.989274531296419,2.039788930652723
10,27,10,1,100,12,2,,,7.861084435985017,2.9294588438468363
5,81,10,1,100,12,2,4.8313398834804275e-12,1.3297709429508604,1.3297709429491236,2.00000023289605
10,81,10,1,100,12,2,0.9981554827456727,2.0017952541037314,4.987431838622985,2.0032394591513065
5,243,10,1,100,12,2,,,1.0004427434434593,2.0
10,243,10,1,100,12,2,,,1.7826990326669212,2.000000000125257
5,3,10,1,100,4,3,1.289773591585825e-8,8.962623942518146,8.962624007962624,5.342133599136385
10,3,10,1,100,4,3,2.1920148931381793e-10,9.732691008051225,9.73269100873269,7.121066872281389
5,9,10,1,100,4,3,0.966470435637598,3.3692844557921022,7.232805968653127,3.3619553732300558
10,9,10,1,100,4,3,0.7093096590347117,5.276404869723027,9.221655235574422,4.532355964654258
5,27,10,1,100,4,3,0.8494578308030132,2.7101895348758527,3.989274531296419,3.0049365010830336
10,27,10,1,100,4,3,0.994848081511172,3.1342314325686744,7.861084435985017,3.134831491343953
5,81,10,1,100,4,3,0.009267516959644903,1.2829754215029485,1.3297709429491236,3.000000028688954
10,81,10,1,100,4,3,0.9999946795967486,3.000390678662613,4.987431838622985,3.00039928047995
5,243,10,1,100,4,3,,,1.0004427434434593,3.0
10,243,10,1,100,4,3,0.11466540528676611,1.246849565543322,1.7826990326669212,3.0000000000154294
5,3,10,1,100,5,3,8.351759379459726e-9,8.962623973111661,8.962624007962624,5.851154491964677
10,3,10,1,100,5,3,2.1810097533313727e-10,9.732691008172226,9.73269100873269,7.523545334140477
5,9,10,1,100,5,3,0.9646001256747132,3.618168732437931,7.232805968653127,3.5986914233024323
10,9,10,1,100,5,3,0.7044807148762948,5.7755733791950234,9.221655235574422,5.0158497288349775
5,27,10,1,100,5,3,0.848866954438507,2.7200561453098957,3.989274531296419,3.0098503765178983
10,27,10,1,100,5,3,0.9941863338681776,3.2473638721489673,7.861084435985017,3.2464086874737
5,81,10,1,100,5,3,0.00895024175316525,1.2919440129568862,1.3297709429491236,3.0000000574851264
10,81,10,1,100,5,3,0.9999859453628946,3.000777104242225,4.987431838622985,3.000799781556255
5,243,10,1,100,5,3,,,1.0004427434434593,3.0
10,243,10,1,100,5,3,0.1145886555056513,1.259684356849715,1.7826990326669212,3.0000000000309166
5,3,10,1,100,6,3,4.297954356862006e-9,8.962623993976619,8.962624007962624,6.370095702169603
10,3,10,1,100,6,3,2.152096231440591e-10,9.73269100829794,9.73269100873269,7.933867706014177
5,9,10,1,100,6,3,0.9595407218101533,3.876179797651784,7.232805968653127,3.8400412265316968
10,9,10,1,100,6,3,0.6913857229507941,6.3077289849404705,9.221655235574422,5.5087663117209305
5,27,10,1,100,6,3,0.8472893254868109,2.7285586877832677,3.989274531296419,3.0148600185598906
10,27,10,1,100,6,3,0.9924045137678738,3.363597301428876,7.861084435985017,3.360160413594646
5,81,10,1,100,6,3,0.008090026913686994,1.3023300296543339,1.3297709429491236,3.0000000868425083
10,81,10,1,100,6,3,0.9999625676931101,3.001147814937506,4.987431838622985,3.0012080880052716
5,243,10,1,100,6,3,,,1.0004427434434593,3.0
10,243,10,1,100,6,3,0.11438206299852795,1.272861568987592,1.7826990326669212,3.0000000000467058
5,3,10,1,100,7,3,1.8972975692621307e-9,8.962624003585283,8.962624007962624,6.904953836171221
10,3,10,1,100,7,3,2.0802076716128844e-10,9.7326910084303,9.73269100873269,8.356775453257491
5,9,10,1,100,7,3,0.9459624397744976,4.156896787611356,7.232805968653127,4.088793691856019
10,9,10,1,100,7,3,0.6560035118726897,6.916361948136872,9.221655235574422,6.016801593090711
5,27,10,1,100,7,3,0.8431979220543818,2.733583772050352,3.989274531296419,3.020023315946772
10,27,10,1,100,7,3,0.9876824921762689,3.4867083247078616,7.861084435985017,3.477401123671394
5,81,10,1,100,7,3,0.005766787250583564,1.3152572416510204,1.3297709429491236,3.000000117100337
10,81,10,1,100,7,3,0.9999015936281515,3.0014708048096277,4.987431838622985,3.0016289179974316
5,243,10,1,100,7,3,,,1.0004427434434593,3.0
10,243,10,1,100,7,3,0.11383502373245499,1.286788706578172,1.7826990326669212,3.0000000000629794
5,3,10,1,100,8,3,8.033187111702158e-10,8.962624006888296,8.962624007962624,7.452702263498328
10,3,10,1,100,8,3,1.9235491096631665e-10,9.732691008564665,9.73269100873269,8.78987544507004
5,9,10,1,100,8,3,0.9102068226682112,4.493754507384368,7.232805968653127,4.343541190329559
10,9,10,1,100,8,3,0.5610453964703506,7.691176284690108,9.221655235574422,6.537080726391021
5,27,10,1,100,8,3,0.8333078461167388,2.7307168284835814,3.989274531296419,3.025311050850094
10,27,10,1,100,8,3,0.9756692212487283,3.6238414606733302,7.861084435985017,3.5974673813962093
5,81,10,1,100,8,3,7.399191806076343e-10,1.3297709418426191,1.3297709429491236,3.0000001480873917
10,81,10,1,100,8,3,0.9997527326997296,3.0016634861851776,4.987431838622985,3.002059890159438
5,243,10,1,100,8,3,,,1.0004427434434593,3.0
10,243,10,1,100,8,3,0.11244634693253683,1.3022127978131124,1.7826990326669212,3.0000000000796447
5,3,10,1,100,9,3,3.646679192236836e-10,8.96262400780742,8.962624007962624,7.96767325791494
10,3,10,1,100,9,3,1.6623780162542904e-10,9.732691008678149,9.73269100873269,9.197058601311841
5,9,10,1,100,9,3,0.8192823278695863,4.972667449875033,7.232805968653127,4.583044520816933
10,9,10,1,100,9,3,0.3052207059119058,8.743195154522539,9.221655235574422,7.026226197711322
5,27,10,1,100,9,3,0.8127049401760633,2.7139497672361625,3.989274531296419,3.0302823660844678
10,27,10,1,100,9,3,0.9479107671986535,3.785378203358092,7.861084435985017,3.7103488376482137
5,81,10,1,100,9,3,2.393438626352763e-11,1.3297709429377325,1.3297709429491236,3.0000001772201714
10,81,10,1,100,9,3,0.9994412686599431,3.0015713103243584,4.987431838622985,3.0024650728158586
5,243,10,1,100,9,3,,,1.0004427434434593,3.0
10,243,10,1,100,9,3,0.10925535522719064,1.3201369370130134,1.7826990326669212,3.000000000095313
5,3,10,1,100,10,3,1.979098066834805e-10,8.9626240080064,8.962624007962624,8.332992002359298
10,3,10,1,100,10,3,1.374419592791153e-10,9.732691008740774,9.73269100873269,9.485913004782969
5,9,10,1,100,10,3,0.5852671593157804,5.882435914875936,7.232805968653127,4.7529474025957565
10,9,10,1,100,10,3,5.388535706005447e-10,9.221655235663922,9.221655235574422,7.37322440027186
5,27,10,1,100,10,3,0.7795715374045377,2.6824556152889967,3.989274531296419,3.033809000903417
10,27,10,1,100,10,3,0.894883738427555,3.9795246059962763,7.861084435985017,3.790426574678334
5,81,10,1,100,10,3,9.599996202502645e-12,1.3297709429514986,1.3297709429491236,3.000000197886871
10,81,10,1,100,10,3,0.9989582016873976,3.001088819366011,4.987431838622985,3.0027525080712785
5,243,10,1,100,10,3,,,1.0004427434434593,3.0
10,243,10,1,100,10,3,0.10323895148792038,1.3410969001227855,1.7826990326669212,3.000000000106428
5,3,10,1,100,11,3,1.3580696668976693e-10,8.962624008024978,8.962624007962624,8.46738525791494
10,3,10,1,100,11,3,1.1714927074280287e-10,9.732691008756255,9.73269100873269,9.59217660131184
5,9,10,1,100,11,3,3.814636575972053e-10,7.232805969064405,7.232805968653127,4.815451179797969
10,9,10,1,100,11,3,1.7740718480987575e-10,9.221655235675213,9.221655235574422,7.500877905117323
5,27,10,1,100,11,3,0.7423467156084057,2.647342263426912,3.989274531296419,3.0351063773498277
10,27,10,1,100,11,3,0.8184948009842564,4.204086768574475,7.861084435985017,3.8198855278272483
5,81,10,1,100,11,3,6.0041119487878135e-12,1.3297709429522067,1.3297709429491236,3.0000002054897243
10,81,10,1,100,11,3,0.9984721202457887,3.0004201822442056,4.987431838622985,3.0028582495924154
5,243,10,1,100,11,3,,,1.0004427434434593,3.0
10,243,10,1,100,11,3,0.094816666003607,1.3641621252189298,1.7826990326669212,3.0000000001105174
5,3,10,1,100,12,3,1.1285691359709497e-10,8.962624008011392,8.962624007962624,8.452126263498329
10,3,10,1,100,12,3,1.0691901307474877e-10,9.732691008752472,9.73269100873269,9.58011144507004
5,9,10,1,100,12,3,1.4057507349138885e-10,7.2328059687957715,7.232805968653127,4.8083545082916315
10,9,10,1,100,12,3,1.2365499472530485e-10,9.221655235639027,9.221655235574422,7.486384141203024
5,27,10,1,100,12,3,,,3.989274531296419,3.034959073380814
10,27,10,1,100,12,3,,,7.861084435985017,3.8165407617542786
5,81,10,1,100,12,3,4.8313398834804275e-12,1.329770942951458,1.3297709429491236,3.000000204626497
10,81,10,1,100,12,3,0.9981554827456727,2.9999031637767004,4.987431838622985,3.0028462437125523
5,243,10,1,100,12,3,,,1.0004427434434593,3.0
10,243,10,1,100,12,3,,,1.7826990326669212,3.000000000110053
5,3,10,1,100,5,4,8.351759379459726e-9,8.962623974035298,8.962624007962624,6.089298491964677
10,3,10,1,100,5,4,2.1810097533313727e-10,9.732691008178639,9.73269100873269,7.596986334140477
5,9,10,1,100,5,4,0.9646001256747132,4.340560001576566,7.232805968653127,4.3482703658119135
10,9,10,1,100,5,4,0.7044807148762948,6.008304653513243,9.221655235574422,5.391103386131976
5,27,10,1,100,5,4,0.848866954438507,3.5582729541913163,3.989274531296419,4.005020519245989
10,27,10,1,100,5,4,0.9941863338681776,4.13115783299191,7.861084435985017,4.133490605381143
5,81,10,1,100,5,4,0.00895024175316525,1.2935376123533684,1.3297709429491236,4.000000029215574
10,81,10,1,100,5,4,0.9999859453628946,4.000372459849627,4.987431838622985,4.000406566117501
5,243,10,1,100,5,4,,,1.0004427434434593,4.0
10,243,10,1,100,5,4,0.1145886555056513,1.3617468658046785,1.7826990326669212,4.000000000015713
5,3,10,1,100,6,4,4.297954356862006e-9,8.962623994451938,8.962624007962624,6.6082397021696035
10,3,10,1,100,6,4,2.152096231440591e-10,9.732691008304267,9.73269100873269,8.007308706014177
5,9,10,1,100,6,4,0.9595407218101533,4.594651348920667,7.232805968653127,4.589620169041178
10,9,10,1,100,6,4,0.6913857229507941,6.534333754425026,9.221655235574422,5.884019969017929
5,27,10,1,100,6,4,0.8472893254868109,3.5652324985363055,3.989274531296419,4.010030161287981
10,27,10,1,100,6,4,0.9924045137678738,4.246379243154004,7.861084435985017,4.247242331502089
5,81,10,1,100,6,4,0.008090026913686994,1.3037324657234954,1.3297709429491236,4.000000058572955
10,81,10,1,100,6,4,0.9999625676931101,4.000724160557045,4.987431838622985,4.000814872566518
5,243,10,1,100,6,4,,,1.0004427434434593,4.0
10,243,10,1,100,6,4,0.11438206299852795,1.3748075169552125,1.7826990326669212,4.000000000031502
5,3,10,1,100,7,4,1.8972975692621307e-9,8.96262400379511,8.962624007962624,7.143097836171221
10,3,10,1,100,7,4,2.0802076716128844e-10,9.732691008436417,9.73269100873269,8.43021645325749
5,9,10,1,100,7,4,0.9459624397744976,4.864806874167263,7.232805968653127,4.8383726343655
10,9,10,1,100,7,4,0.6560035118726897,7.126560387122734,9.221655235574422,6.39205525038771
5,27,10,1,100,7,4,0.8431979220543818,3.5662638781850697,3.989274531296419,4.0151934586748625
10,27,10,1,100,7,4,0.9876824921762689,4.3667984582800194,7.861084435985017,4.364483041578836
5,81,10,1,100,7,4,0.005766787250583564,1.3161806719377198,1.3297709429491236,4.0000000888307845
10,81,10,1,100,7,4,0.9999015936281515,4.000997569832731,4.987431838622985,4.001235702558677
5,243,10,1,100,7,4,,,1.0004427434434593,4.0
10,243,10,1,100,7,4,0.11383502373245499,1.3884249675085036,1.7826990326669212,4.000000000047775
5,3,10,1,100,8,4,8.033187111702158e-10,8.962624006977137,8.962624007962624,7.690846263498329
10,3,10,1,100,8,4,1.9235491096631665e-10,9.73269100857032,9.73269100873269,8.863316445070039
5,9,10,1,100,8,4,0.9102068226682112,5.173563882350226,7.232805968653127,5.093120132839041
10,9,10,1,100,8,4,0.5610453964703506,7.858648093441336,9.221655235574422,6.91233438368802
5,27,10,1,100,8,4,0.8333078461167388,3.5537892192433542,3.989274531296419,4.020481193578185
10,27,10,1,100,8,4,0.9756692212487283,4.497018047575095,7.861084435985017,4.484549299303652
5,81,10,1,100,8,4,7.399191806076343e-10,1.3297709419341206,1.3297709429491236,4.000000119817839
10,81,10,1,100,8,4,0.9997527326997296,4.0010692157996335,4.987431838622985,4.001666674720684
5,243,10,1,100,8,4,,,1.0004427434434593,4.0
10,243,10,1,100,8,4,0.11244634693253683,1.40305600311433,1.7826990326669212,4.000000000064441
5,3,10,1,100,9,4,3.646679192236836e-10,8.96262400784775,8.962624007962624,8.205817257914939
10,3,10,1,100,9,4,1.6623780162542904e-10,9.732691008683037,9.73269100873269,9.27049960131184
5,9,10,1,100,9,4,0.8192823278695863,5.579196256000023,7.232805968653127,5.3326234633264145
10,9,10,1,100,9,4,0.3052207059119058,8.810562165029664,9.221655235574422,7.401479855008321
5,27,10,1,100,9,4,0.8127049401760633,3.5172088076179886,3.989274531296419,4.025452508812559
10,27,10,1,100,9,4,0.9479107671986535,4.642209472111194,7.861084435985017,4.597430755555656
5,81,10,1,100,9,4,2.393438626352763e-11,1.329770942940692,1.3297709429491236,4.000000148950619
10,81,10,1,100,9,4,0.9994412686599431,4.000723840279644,4.987431838622985,4.002071857377104
5,243,10,1,100,9,4,,,1.0004427434434593,4.0
10,243,10,1,100,9,4,0.10925535522719064,1.4191189343463122,1.7826990326669212,4.000000000080109
5,3,10,1,100,10,4,1.979098066834805e-10,8.962624008028289,8.962624007962624,8.571136002359296
10,3,10,1,100,10,4,1.374419592791153e-10,9.732691008744816,9.73269100873269,9.559354004782968
5,9,10,1,100,10,4,0.5852671593157804,6.290954370920088,7.232805968653127,5.502526345105238
10,9,10,1,100,10,4,5.388535706005447e-10,9.221655235708672,9.221655235574422,7.7484780575688585
5,27,10,1,100,10,4,0.7795715374045377,3.4543754494850183,3.989274531296419,4.028979143631507
10,27,10,1,100,10,4,0.894883738427555,4.803596464421819,7.861084435985017,4.677508492585776
5,81,10,1,100,10,4,9.599996202502645e-12,1.3297709429526856,1.3297709429491236,4.0000001696173175
10,81,10,1,100,10,4,0.9989582016873976,3.99984876721306,4.987431838622985,4.002359292632525
5,243,10,1,100,10,4,,,1.0004427434434593,4.0
10,243,10,1,100,10,4,0.10323895148792038,1.4364116119627905,1.7826990326669212,4.000000000091224
5,3,10,1,100,11,4,1.3580696668976693e-10,8.962624008039997,8.962624007962624,8.705529257914938
10,3,10,1,100,11,4,1.1714927074280287e-10,9.7326910087597,9.73269100873269,9.665617601311839
5,9,10,1,100,11,4,3.814636575972053e-10,7.232805969163471,7.232805968653127,5.5650301223074505
10,9,10,1,100,11,4,1.7740718480987575e-10,9.221655235689946,9.221655235574422,7.876131562414322
5,27,10,1,100,11,4,0.7423467156084057,3.38472165240838,3.989274531296419,4.030276520077918
10,27,10,1,100,11,4,0.8184948009842564,4.9770369861627906,7.861084435985017,4.706967445734691
5,81,10,1,100,11,4,6.0041119487878135e-12,1.3297709429529492,1.3297709429491236,4.000000177220172
10,81,10,1,100,11,4,0.9984721202457887,3.9987852446209597,4.987431838622985,4.002465034153662
5,243,10,1,100,11,4,,,1.0004427434434593,4.0
10,243,10,1,100,11,4,0.094816666003607,1.4539551680628509,1.7826990326669212,4.000000000095313
5,3,10,1,100,12,4,1.1285691359709497e-10,8.962624008023873,8.962624007962624,8.690270263498329
10,3,10,1,100,12,4,1.0691901307474877e-10,9.732691008755616,9.73269100873269,9.653552445070039
5,9,10,1,100,12,4,1.4057507349138885e-10,7.232805968832279,7.232805968653127,5.557933450801113
10,9,10,1,100,12,4,1.2365499472530485e-10,9.221655235649296,9.221655235574422,7.8616377985000225
5,27,10,1,100,12,4,,,3.989274531296419,4.030129216108905
10,27,10,1,100,12,4,,,7.861084435985017,4.703622679661722
5,81,10,1,100,12,4,4.8313398834804275e-12,1.3297709429520554,1.3297709429491236,4.000000176356944
10,81,10,1,100,12,4,0.9981554827456727,3.9980110734496694,4.987431838622985,4.0024530282737985
5,243,10,1,100,12,4,,,1.0004427434434593,4.0
10,243,10,1,100,12,4,,,1.7826990326669212,4.0000000000948495
5,3,10,1,100,6,5,4.297954356862006e-9,8.962623994927258,8.962624007962624,6.846383702169604
10,3,10,1,100,6,5,2.152096231440591e-10,9.732691008310594,9.73269100873269,8.080749706014178
5,9,10,1,100,6,5,0.9595407218101533,5.3131229001895495,7.232805968653127,5.33919911155066
10,9,10,1,100,6,5,0.6913857229507941,6.76093852390958,9.221655235574422,6.259273626314928
5,27,10,1,100,6,5,0.8472893254868109,4.401906309289344,3.989274531296419,5.005200304016071
10,27,10,1,100,6,5,0.9924045137678738,5.129161184879131,7.861084435985017,5.134324249409531
5,81,10,1,100,6,5,0.008090026913686994,1.3051349017926572,1.3297709429491236,5.0000000303034025
10,81,10,1,100,6,5,0.9999625676931101,5.000300506176584,4.987431838622985,5.000421657127764
5,243,10,1,100,6,5,,,1.0004427434434593,5.0
10,243,10,1,100,6,5,0.11438206299852795,1.476753464922833,1.7826990326669212,5.000000000016298
5,3,10,1,100,7,5,1.8972975692621307e-9,8.962624004004935,8.962624007962624,7.38124183617122
10,3,10,1,100,7,5,2.0802076716128844e-10,9.732691008442533,9.73269100873269,8.50365745325749
5,9,10,1,100,7,5,0.9459624397744976,5.572716960723169,7.232805968653127,5.587951576874982
10,9,10,1,100,7,5,0.6560035118726897,7.336758826108596,9.221655235574422,6.767308907684709
5,27,10,1,100,7,5,0.8431979220543818,4.3989439843197875,3.989274531296419,5.010363601402953
10,27,10,1,100,7,5,0.9876824921762689,5.246888591852178,7.861084435985017,5.251564959486279
5,81,10,1,100,7,5,0.005766787250583564,1.317104102224419,1.3297709429491236,5.000000060561232
10,81,10,1,100,7,5,0.9999015936281515,5.000524334855834,4.987431838622985,5.0008424871199235
5,243,10,1,100,7,5,,,1.0004427434434593,5.0
10,243,10,1,100,7,5,0.11383502373245499,1.4900612284388353,1.7826990326669212,5.000000000032571
5,3,10,1,100,8,5,8.033187111702158e-10,8.962624007065978,8.962624007962624,7.928990263498328
10,3,10,1,100,8,5,1.9235491096631665e-10,9.732691008575976,9.73269100873269,8.93675744507004
5,9,10,1,100,8,5,0.9102068226682112,5.853373257316083,7.232805968653127,5.842699075348523
10,9,10,1,100,8,5,0.5610453964703506,8.026119902192564,9.221655235574422,7.2875880409850184
5,27,10,1,100,8,5,0.8333078461167388,4.376861610003127,3.989274531296419,5.015651336306275
10,27,10,1,100,8,5,0.9756692212487283,5.370194634476859,7.861084435985017,5.371631217211094
5,81,10,1,100,8,5,7.399191806076343e-10,1.3297709420256218,1.3297709429491236,5.000000091548286
10,81,10,1,100,8,5,0.9997527326997296,5.00047494541409,4.987431838622985,5.00127345928193
5,243,10,1,100,8,5,,,1.0004427434434593,5.0
10,243,10,1,100,8,5,0.11244634693253683,1.5038992084155476,1.7826990326669212,5.000000000049237
5,3,10,1,100,9,5,3.646679192236836e-10,8.96262400788808,8.962624007962624,8.443961257914939
10,3,10,1,100,9,5,1.6623780162542904e-10,9.732691008687924,9.73269100873269,9.343940601311841
5,9,10,1,100,9,5,0.8192823278695863,6.185725062125012,7.232805968653127,6.082202405835896
10,9,10,1,100,9,5,0.3052207059119058,8.87792917553679,9.221655235574422,7.77673351230532
5,27,10,1,100,9,5,0.8127049401760633,4.320467847999815,3.989274531296419,5.020622651540649
10,27,10,1,100,9,5,0.9479107671986535,5.499040740864295,7.861084435985017,5.484512673463098
5,81,10,1,100,9,5,2.393438626352763e-11,1.329770942943652,1.3297709429491236,5.000000120681066
10,81,10,1,100,9,5,0.9994412686599431,4.999876370234929,4.987431838622985,5.0016786419383505
5,243,10,1,100,9,5,,,1.0004427434434593,5.0
10,243,10,1,100,9,5,0.10925535522719064,1.518100931679611,1.7826990326669212,5.000000000064905
5,3,10,1,100,10,5,1.979098066834805e-10,8.962624008050176,8.962624007962624,8.809280002359296
10,3,10,1,100,10,5,1.374419592791153e-10,9.732691008748857,9.73269100873269,9.632795004782968
5,9,10,1,100,10,5,0.5852671593157804,6.6994728269642385,7.232805968653127,6.25210528761472
10,9,10,1,100,10,5,5.388535706005447e-10,9.221655235753424,9.221655235574422,8.123731714865858
5,27,10,1,100,10,5,0.7795715374045377,4.22629528368104,3.989274531296419,5.024149286359598
10,27,10,1,100,10,5,0.894883738427555,5.627668322847361,7.861084435985017,5.564590410493219
5,81,10,1,100,10,5,9.599996202502645e-12,1.3297709429538729,1.3297709429491236,5.000000141347765
10,81,10,1,100,10,5,0.9989582016873976,4.998608715060108,4.987431838622985,5.001966077193771
5,243,10,1,100,10,5,,,1.0004427434434593,5.0
10,243,10,1,100,10,5,0.10323895148792038,1.5317263238027956,1.7826990326669212,5.00000000007602
5,3,10,1,100,11,5,1.3580696668976693e-10,8.962624008055016,8.962624007962624,8.943673257914938
10,3,10,1,100,11,5,1.1714927074280287e-10,9.732691008763146,9.73269100873269,9.73905860131184
5,9,10,1,100,11,5,3.814636575972053e-10,7.232805969262537,7.232805968653127,6.314609064816932
10,9,10,1,100,11,5,1.7740718480987575e-10,9.221655235704679,9.221655235574422,8.251385219711322
5,27,10,1,100,11,5,0.7423467156084057,4.122101041389848,3.989274531296419,5.025446662806009
10,27,10,1,100,11,5,0.8184948009842564,5.7499872037511075,7.861084435985017,5.594049363642133
5,81,10,1,100,11,5,6.0041119487878135e-12,1.3297709429536915,1.3297709429491236,5.000000148950619
10,81,10,1,100,11,5,0.9984721202457887,4.997150306997714,4.987431838622985,5.002071818714908
5,243,10,1,100,11,5,,,1.0004427434434593,5.0
10,243,10,1,100,11,5,0.094816666003607,1.5437482109067715,1.7826990326669212,5.000000000080109
5,3,10,1,100,12,5,1.1285691359709497e-10,8.962624008036354,8.962624007962624,8.928414263498329
10,3,10,1,100,12,5,1.0691901307474877e-10,9.73269100875876,9.73269100873269,9.72699344507004
5,9,10,1,100,12,5,1.4057507349138885e-10,7.232805968868786,7.232805968653127,6.307512393310595
10,9,10,1,100,12,5,1.2365499472530485e-10,9.221655235659565,9.221655235574422,8.236891455797021
5,27,10,1,100,12,5,,,3.989274531296419,5.025299358836995
10,27,10,1,100,12,5,,,7.861084435985017,5.590704597569164
5,81,10,1,100,12,5,4.8313398834804275e-12,1.329770942952653,1.3297709429491236,5.000000148087391
10,81,10,1,100,12,5,0.9981554827456727,4.996118983122639,4.987431838622985,5.002059812835045
5,243,10,1,100,12,5,,,1.0004427434434593,5.0
10,243,10,1,100,12,5,,,1.7826990326669212,5.000000000079646
5,3,10,1,100,7,6,1.8972975692621307e-9,8.962624004214762,8.962624007962624,7.619385836171221
10,3,10,1,100,7,6,2.0802076716128844e-10,9.732691008448649,9.73269100873269,8.57709845325749
5,9,10,1,100,7,6,0.9459624397744976,6.280627047279076,7.232805968653127,6.337530519384464
10,9,10,1,100,7,6,0.6560035118726897,7.546957265094458,9.221655235574422,7.1425625649817075
5,27,10,1,100,7,6,0.8431979220543818,5.231624090454506,3.989274531296419,6.005533744131045
10,27,10,1,100,7,6,0.9876824921762689,6.126978725424337,7.861084435985017,6.138646877393722
5,81,10,1,100,7,6,0.005766787250583564,1.3180275325111184,1.3297709429491236,6.000000032291679
10,81,10,1,100,7,6,0.9999015936281515,6.000051099878937,4.987431838622985,6.000449271681169
5,243,10,1,100,7,6,,,1.0004427434434593,6.0
10,243,10,1,100,7,6,0.11383502373245499,1.5916974893691669,1.7826990326669212,6.0000000000173666
5,3,10,1,100,8,6,8.033187111702158e-10,8.962624007154819,8.962624007962624,8.167134263498328
10,3,10,1,100,8,6,1.9235491096631665e-10,9.732691008581632,9.73269100873269,9.010198445070039
5,9,10,1,100,8,6,0.9102068226682112,6.533182632281941,7.232805968653127,6.592278017858005
10,9,10,1,100,8,6,0.5610453964703506,8.19359171094379,9.221655235574422,7.662841698282017
5,27,10,1,100,8,6,0.8333078461167388,5.199934000762901,3.989274531296419,6.010821479034367
10,27,10,1,100,8,6,0.9756692212487283,6.243371221378624,7.861084435985017,6.258713135118537
5,81,10,1,100,8,6,7.399191806076343e-10,1.3297709421171233,1.3297709429491236,6.000000063278733
10,81,10,1,100,8,6,0.9997527326997296,5.999880675028545,4.987431838622985,6.000880243843175
5,243,10,1,100,8,6,,,1.0004427434434593,6.0
10,243,10,1,100,8,6,0.11244634693253683,1.6047424137167652,1.7826990326669212,6.000000000034032
5,3,10,1,100,9,6,3.646679192236836e-10,8.962624007928408,8.962624007962624,8.68210525791494
10,3,10,1,100,9,6,1.6623780162542904e-10,9.732691008692813,9.73269100873269,9.41738160131184
5,9,10,1,100,9,6,0.8192823278695863,6.792253868250002,7.232805968653127,6.831781348345379
10,9,10,1,100,9,6,0.3052207059119058,8.945296186043917,9.221655235574422,8.15198716960232
5,27,10,1,100,9,6,0.8127049401760633,5.123726888381642,3.989274531296419,6.015792794268741
10,27,10,1,100,9,6,0.9479107671986535,6.355872009617396,7.861084435985017,6.371594591370541
5,81,10,1,100,9,6,2.393438626352763e-11,1.3297709429466118,1.3297709429491236,6.000000092411513
10,81,10,1,100,9,6,0.9994412686599431,5.999028900190214,4.987431838622985,6.001285426499596
5,243,10,1,100,9,6,,,1.0004427434434593,6.0
10,243,10,1,100,9,6,0.10925535522719064,1.6170829290129098,1.7826990326669212,6.000000000049701
5,3,10,1,100,10,6,1.979098066834805e-10,8.962624008072064,8.962624007962624,9.047424002359296
10,3,10,1,100,10,6,1.374419592791153e-10,9.732691008752898,9.73269100873269,9.706236004782967
5,9,10,1,100,10,6,0.5852671593157804,7.107991283008389,7.232805968653127,7.001684230124203
10,9,10,1,100,10,6,5.388535706005447e-10,9.221655235798174,9.221655235574422,8.498985372162856
5,27,10,1,100,10,6,0.7795715374045377,4.998215117877062,3.989274531296419,6.019319429087689
10,27,10,1,100,10,6,0.894883738427555,6.451740181272903,7.861084435985017,6.451672328400662
5,81,10,1,100,10,6,9.599996202502645e-12,1.32977094295506,1.3297709429491236,6.000000113078212
10,81,10,1,100,10,6,0.9989582016873976,5.997368662907157,4.987431838622985,6.001572861755016
5,243,10,1,100,10,6,,,1.0004427434434593,6.0
10,243,10,1,100,10,6,0.10323895148792038,1.6270410356428004,1.7826990326669212,6.000000000060815
5,3,10,1,100,11,6,1.3580696668976693e-10,8.962624008070035,8.962624007962624,9.181817257914938
10,3,10,1,100,11,6,1.1714927074280287e-10,9.73269100876659,9.73269100873269,9.812499601311838
5,9,10,1,100,11,6,3.814636575972053e-10,7.232805969361603,7.232805968653127,7.064188007326415
10,9,10,1,100,11,6,1.7740718480987575e-10,9.221655235719412,9.221655235574422,8.62663887700832
5,27,10,1,100,11,6,0.7423467156084057,4.859480430371316,3.989274531296419,6.0206168055341
10,27,10,1,100,11,6,0.8184948009842564,6.5229374213394244,7.861084435985017,6.481131281549576
5,81,10,1,100,11,6,6.0041119487878135e-12,1.329770942954434,1.3297709429491236,6.000000120681066
10,81,10,1,100,11,6,0.9984721202457887,5.995515369374468,4.987431838622985,6.0016786032761535
5,243,10,1,100,11,6,,,1.0004427434434593,6.0
10,243,10,1,100,11,6,0.094816666003607,1.6335412537506926,1.7826990326669212,6.0000000000649045
5,3,10,1,100,12,6,1.1285691359709497e-10,8.962624008048834,8.962624007962624,9.16655826349833
10,3,10,1,100,12,6,1.0691901307474877e-10,9.732691008761904,9.73269100873269,9.800434445070039
5,9,10,1,100,12,6,1.4057507349138885e-10,7.232805968905294,7.232805968653127,7.057091335820077
10,9,10,1,100,12,6,1.2365499472530485e-10,9.221655235669834,9.221655235574422,8.612145113094021
5,27,10,1,100,12,6,,,3.989274531296419,6.020469501565087
10,27,10,1,100,12,6,,,7.861084435985017,6.477786515476606
5,81,10,1,100,12,6,4.8313398834804275e-12,1.3297709429532503,1.3297709429491236,6.000000119817838
10,81,10,1,100,12,6,0.9981554827456727,5.994226892795608,4.987431838622985,6.00166659739629
5,243,10,1,100,12,6,,,1.0004427434434593,6.0
10,243,10,1,100,12,6,,,1.7826990326669212,6.000000000064441
5,3,10,1,100,8,7,8.033187111702158e-10,8.96262400724366,8.962624007962624,8.405278263498328
10,3,10,1,100,8,7,1.9235491096631665e-10,9.732691008587288,9.73269100873269,9.08363944507004
5,9,10,1,100,8,7,0.9102068226682112,7.212992007247798,7.232805968653127,7.341856960367487
10,9,10,1,100,8,7,0.5610453964703506,8.361063519695017,9.221655235574422,8.038095355579017
5,27,10,1,100,8,7,0.8333078461167388,6.0230063915226735,3.989274531296419,7.005991621762457
10,27,10,1,100,8,7,0.9756692212487283,7.116547808280388,7.861084435985017,7.14579505302598
5,81,10,1,100,8,7,7.399191806076343e-10,1.3297709422086248,1.3297709429491236,7.00000003500918
10,81,10,1,100,8,7,0.9997527326997296,6.9992864046430014,4.987431838622985,7.000487028404422
5,243,10,1,100,8,7,,,1.0004427434434593,7.0
10,243,10,1,100,8,7,0.11244634693253683,1.705585619017983,1.7826990326669212,7.0000000000188285
5,3,10,1,100,9,7,3.646679192236836e-10,8.962624007968738,8.962624007962624,8.92024925791494
10,3,10,1,100,9,7,1.6623780162542904e-10,9.7326910086977,9.73269100873269,9.49082260131184
5,9,10,1,100,9,7,0.8192823278695863,7.398782674374993,7.232805968653127,7.58136029085486
10,9,10,1,100,9,7,0.3052207059119058,9.012663196551044,9.221655235574422,8.527240826899318
5,27,10,1,100,9,7,0.8127049401760633,5.926985928763467,3.989274531296419,7.010962936996831
10,27,10,1,100,9,7,0.9479107671986535,7.2127032783704985,7.861084435985017,7.258676509277984
5,81,10,1,100,9,7,2.393438626352763e-11,1.3297709429495717,1.3297709429491236,7.00000006414196
10,81,10,1,100,9,7,0.9994412686599431,6.998181430145499,4.987431838622985,7.000892211060842
5,243,10,1,100,9,7,,,1.0004427434434593,7.0
10,243,10,1,100,9,7,0.10925535522719064,1.7160649263462087,1.7826990326669212,7.000000000034497
5,3,10,1,100,10,7,1.979098066834805e-10,8.96262400809395,8.962624007962624,9.285568002359296
10,3,10,1,100,10,7,1.374419592791153e-10,9.73269100875694,9.73269100873269,9.779677004782968
5,9,10,1,100,10,7,0.5852671593157804,7.516509739052541,7.232805968653127,7.751263172633685
10,9,10,1,100,10,7,5.388535706005447e-10,9.221655235842924,9.221655235574422,8.874239029459856
5,27,10,1,100,10,7,0.7795715374045377,5.770134952073083,3.989274531296419,7.01448957181578
10,27,10,1,100,10,7,0.894883738427555,7.275812039698447,7.861084435985017,7.338754246308104
5,81,10,1,100,10,7,9.599996202502645e-12,1.3297709429562472,1.3297709429491236,7.000000084808659
10,81,10,1,100,10,7,0.9989582016873976,6.996128610754207,4.987431838622985,7.001179646316262
5,243,10,1,100,10,7,,,1.0004427434434593,7.0
10,243,10,1,100,10,7,0.10323895148792038,1.7223557474828053,1.7826990326669212,7.0000000000456115
5,3,10,1,100,11,7,1.3580696668976693e-10,8.962624008085054,8.962624007962624,9.419961257914938
10,3,10,1,100,11,7,1.1714927074280287e-10,9.732691008770034,9.73269100873269,9.88594060131184
5,9,10,1,100,11,7,3.814636575972053e-10,7.232805969460669,7.232805968653127,7.813766949835896
10,9,10,1,100,11,7,1.7740718480987575e-10,9.221655235734145,9.221655235574422,9.00189253430532
5,27,10,1,100,11,7,0.7423467156084057,5.596859819352784,3.989274531296419,7.015786948262191
10,27,10,1,100,11,7,0.8184948009842564,7.29588763892774,7.861084435985017,7.368213199457019
5,81,10,1,100,11,7,6.0041119487878135e-12,1.3297709429551765,1.3297709429491236,7.000000092411513
10,81,10,1,100,11,7,0.9984721202457887,6.993880431751222,4.987431838622985,7.0012853878374
5,243,10,1,100,11,7,,,1.0004427434434593,7.0
10,243,10,1,100,11,7,0.094816666003607,1.7233342965946135,1.7826990326669212,7.000000000049701
5,3,10,1,100,12,7,1.1285691359709497e-10,8.962624008061317,8.962624007962624,9.40470226349833
10,3,10,1,100,12,7,1.0691901307474877e-10,9.732691008765046,9.73269100873269,9.87387544507004
5,9,10,1,100,12,7,1.4057507349138885e-10,7.232805968941801,7.232805968653127,7.806670278329559
10,9,10,1,100,12,7,1.2365499472530485e-10,9.221655235680103,9.221655235574422,8.98739877039102
5,27,10,1,100,12,7,,,3.989274531296419,7.015639644293177
10,27,10,1,100,12,7,,,7.861084435985017,7.364868433384049
5,81,10,1,100,12,7,4.8313398834804275e-12,1.3297709429538478,1.3297709429491236,7.000000091548285
10,81,10,1,100,12,7,0.9981554827456727,6.992334802468577,4.987431838622985,7.001273381957536
5,243,10,1,100,12,7,,,1.0004427434434593,7.0
10,243,10,1,100,12,7,,,1.7826990326669212,7.000000000049237
5,3,10,1,100,9,8,3.646679192236836e-10,8.962624008009067,8.962624007962624,9.15839325791494
10,3,10,1,100,9,8,1.6623780162542904e-10,9.732691008702588,9.73269100873269,9.56426360131184
5,9,10,1,100,9,8,0.8192823278695863,8.005311480499984,7.232805968653127,8.330939233364342
10,9,10,1,100,9,8,0.3052207059119058,9.08003020705817,9.221655235574422,8.902494484196318
5,27,10,1,100,9,8,0.8127049401760633,6.730244969145294,3.989274531296419,8.006133079724922
10,27,10,1,100,9,8,0.9479107671986535,8.0695345471236,7.861084435985017,8.145758427185427
5,81,10,1,100,9,8,2.393438626352763e-11,1.3297709429525315,1.3297709429491236,8.000000035872407
10,81,10,1,100,9,8,0.9994412686599431,7.997333960100785,4.987431838622985,8.000498995622088
5,243,10,1,100,9,8,,,1.0004427434434593,8.0
10,243,10,1,100,9,8,0.10925535522719064,1.8150469236795075,1.7826990326669212,8.000000000019293
5,3,10,1,100,10,8,1.979098066834805e-10,8.962624008115837,8.962624007962624,9.523712002359296
10,3,10,1,100,10,8,1.374419592791153e-10,9.73269100876098,9.73269100873269,9.853118004782967
5,9,10,1,100,10,8,0.5852671593157804,7.925028195096692,7.232805968653127,8.500842115143167
10,9,10,1,100,10,8,5.388535706005447e-10,9.221655235887674,9.221655235574422,9.249492686756854
5,27,10,1,100,10,8,0.7795715374045377,6.542054786269105,3.989274531296419,8.00965971454387
10,27,10,1,100,10,8,0.894883738427555,8.09988389812399,7.861084435985017,8.225836164215547
5,81,10,1,100,10,8,9.599996202502645e-12,1.3297709429574343,1.3297709429491236,8.000000056539106
10,81,10,1,100,10,8,0.9989582016873976,7.9948885586012555,4.987431838622985,8.00078643087751
5,243,10,1,100,10,8,,,1.0004427434434593,8.0
10,243,10,1,100,10,8,0.10323895148792038,1.8176704593228104,1.7826990326669212,8.000000000030408
5,3,10,1,100,11,8,1.3580696668976693e-10,8.962624008100073,8.962624007962624,9.658105257914938
10,3,10,1,100,11,8,1.1714927074280287e-10,9.732691008773479,9.73269100873269,9.959381601311838
5,9,10,1,100,11,8,3.814636575972053e-10,7.2328059695597355,7.232805968653127,8.563345892345378
10,9,10,1,100,11,8,1.7740718480987575e-10,9.221655235748878,9.221655235574422,9.377146191602318
5,27,10,1,100,11,8,0.7423467156084057,6.334239208334252,3.989274531296419,8.010957090990281
10,27,10,1,100,11,8,0.8184948009842564,8.068837856516057,7.861084435985017,8.255295117364462
5,81,10,1,100,11,8,6.0041119487878135e-12,1.329770942955919,1.3297709429491236,8.00000006414196
10,81,10,1,100,11,8,0.9984721202457887,7.992245494127976,4.987431838622985,8.000892172398645
5,243,10,1,100,11,8,,,1.0004427434434593,8.0
10,243,10,1,100,11,8,0.094816666003607,1.8131273394385343,1.7826990326669212,8.000000000034497
5,3,10,1,100,12,8,1.1285691359709497e-10,8.962624008073798,8.962624007962624,9.642846263498328
10,3,10,1,100,12,8,1.0691901307474877e-10,9.73269100876819,9.73269100873269,9.947316445070038
5,9,10,1,100,12,8,1.4057507349138885e-10,7.232805968978308,7.232805968653127,8.55624922083904
10,9,10,1,100,12,8,1.2365499472530485e-10,9.221655235690372,9.221655235574422,9.362652427688019
5,27,10,1,100,12,8,,,3.989274531296419,8.010809787021268
10,27,10,1,100,12,8,,,7.861084435985017,8.251950351291491
5,81,10,1,100,12,8,4.8313398834804275e-12,1.3297709429544453,1.3297709429491236,8.000000063278733
10,81,10,1,100,12,8,0.9981554827456727,7.9904427121415464,4.987431838622985,8.000880166518781
5,243,10,1,100,12,8,,,1.0004427434434593,8.0
10,243,10,1,100,12,8,,,1.7826990326669212,8.000000000034033
5,3,10,1,100,10,9,1.979098066834805e-10,8.962624008137725,8.962624007962624,9.761856002359297
10,3,10,1,100,10,9,1.374419592791153e-10,9.732691008765022,9.73269100873269,9.926559004782968
5,9,10,1,100,10,9,0.5852671593157804,8.333546651140843,7.232805968653127,9.250421057652648
10,9,10,1,100,10,9,5.388535706005447e-10,9.221655235932424,9.221655235574422,9.624746344053854
5,27,10,1,100,10,9,0.7795715374045377,7.313974620465127,3.989274531296419,9.004829857271961
10,27,10,1,100,10,9,0.894883738427555,8.923955756549532,7.861084435985017,9.11291808212299
5,81,10,1,100,10,9,9.599996202502645e-12,1.3297709429586215,1.3297709429491236,9.000000028269552
10,81,10,1,100,10,9,0.9989582016873976,8.993648506448304,4.987431838622985,9.000393215438756
5,243,10,1,100,10,9,,,1.0004427434434593,9.0
10,243,10,1,100,10,9,0.10323895148792038,1.9129851711628154,1.7826990326669212,9.000000000015204
5,3,10,1,100,11,9,1.3580696668976693e-10,8.962624008115093,8.962624007962624,9.896249257914938
10,3,10,1,100,11,9,1.1714927074280287e-10,9.732691008776923,9.73269100873269,10.032822601311839
5,9,10,1,100,11,9,3.814636575972053e-10,7.232805969658802,7.232805968653127,9.31292483485486
10,9,10,1,100,11,9,1.7740718480987575e-10,9.221655235763611,9.221655235574422,9.752399848899318
5,27,10,1,100,11,9,0.7423467156084057,7.07161859731572,3.989274531296419,9.006127233718372
10,27,10,1,100,11,9,0.8184948009842564,8.841788074104372,7.861084435985017,9.142377035271904
5,81,10,1,100,11,9,6.0041119487878135e-12,1.3297709429566615,1.3297709429491236,9.000000035872405
10,81,10,1,100,11,9,0.9984721202457887,8.990610556504729,4.987431838622985,9.000498956959891
5,243,10,1,100,11,9,,,1.0004427434434593,9.0
10,243,10,1,100,11,9,0.094816666003607,1.9029203822824552,1.7826990326669212,9.000000000019293
5,3,10,1,100,12,9,1.1285691359709497e-10,8.962624008086278,8.962624007962624,9.880990263498328
10,3,10,1,100,12,9,1.0691901307474877e-10,9.732691008771335,9.73269100873269,10.02075744507004
5,9,10,1,100,12,9,1.4057507349138885e-10,7.232805969014816,7.232805968653127,9.305828163348522
10,9,10,1,100,12,9,1.2365499472530485e-10,9.221655235700641,9.221655235574422,9.737906084985017
5,27,10,1,100,12,9,,,3.989274531296419,9.005979929749358
10,27,10,1,100,12,9,,,7.861084435985017,9.139032269198935
5,81,10,1,100,12,9,4.8313398834804275e-12,1.3297709429550428,1.3297709429491236,9.00000003500918
10,81,10,1,100,12,9,0.9981554827456727,8.988550621814516,4.987431838622985,9.000486951080028
5,243,10,1,100,12,9,,,1.0004427434434593,9.0
10,243,10,1,100,12,9,,,1.7826990326669212,9.00000000001883
5,3,10,1,100,11,10,1.3580696668976693e-10,8.962624008130112,8.962624007962624,10.134393257914937
10,3,10,1,100,11,10,1.1714927074280287e-10,9.732691008780368,9.73269100873269,10.106263601311838
5,9,10,1,100,11,10,3.814636575972053e-10,7.232805969757868,7.232805968653127,10.062503777364341
10,9,10,1,100,11,10,1.7740718480987575e-10,9.221655235778345,9.221655235574422,10.127653506196316
5,27,10,1,100,11,10,0.7423467156084057,7.8089979862971886,3.989274531296419,10.001297376446463
10,27,10,1,100,11,10,0.8184948009842564,9.614738291692689,7.861084435985017,10.029458953179347
5,81,10,1,100,11,10,6.0041119487878135e-12,1.329770942957404,1.3297709429491236,10.000000007602853
10,81,10,1,100,11,10,0.9984721202457887,9.988975618881483,4.987431838622985,10.000105741521137
5,243,10,1,100,11,10,,,1.0004427434434593,10.0
10,243,10,1,100,11,10,0.094816666003607,1.992713425126376,1.7826990326669212,10.00000000000409
5,3,10,1,100,12,10,1.1285691359709497e-10,8.962624008098759,8.962624007962624,10.119134263498328
10,3,10,1,100,12,10,1.0691901307474877e-10,9.732691008774479,9.73269100873269,10.094198445070038
5,9,10,1,100,12,10,1.4057507349138885e-10,7.232805969051324,7.232805968653127,10.055407105858004
10,9,10,1,100,12,10,1.2365499472530485e-10,9.22165523571091,9.221655235574422,10.113159742282017
5,27,10,1,100,12,10,,,3.989274531296419,10.001150072477449
10,27,10,1,100,12,10,,,7.861084435985017,10.026114187106376
5,81,10,1,100,12,10,4.8313398834804275e-12,1.3297709429556401,1.3297709429491236,10.000000006739628
10,81,10,1,100,12,10,0.9981554827456727,9.986658531487485,4.987431838622985,10.000093735641274
5,243,10,1,100,12,10,,,1.0004427434434593,10.0
10,243,10,1,100,12,10,,,1.7826990326669212,10.000000000003626
5,3,10,1,100,12,11,1.1285691359709497e-10,8.96262400811124,8.962624007962624,10.357278263498328
10,3,10,1,100,12,11,1.0691901307474877e-10,9.732691008777621,9.73269100873269,10.167639445070039
5,9,10,1,100,12,11,1.4057507349138885e-10,7.23280596908783,7.232805968653127,10.804986048367486
10,9,10,1,100,12,11,1.2365499472530485e-10,9.22165523572118,9.221655235574422,10.488413399579017
5,27,10,1,100,12,11,,,3.989274531296419,10.99632021520554
10,27,10,1,100,12,11,,,7.861084435985017,10.913196105013819
5,81,10,1,100,12,11,4.8313398834804275e-12,1.3297709429562377,1.3297709429491236,10.999999978470075
10,81,10,1,100,12,11,0.9981554827456727,10.984766441160454,4.987431838622985,10.99970052020252
5,243,10,1,100,12,11,,,1.0004427434434593,11.0
10,243,10,1,100,12,11,,,1.7826990326669212,10.999999999988422
