comp_full,comp_partial,comp_none,bespoke_full,bespoke_none,bespoke_cost,free_cost,free_comp
1.0,1.4444444444444444,5.0,1,5,1.683930555555574,1.1899583333333335,0.82428125
1.0,1.8888888888888888,5.0,1,5,1.711958333333346,1.1932777777777779,0.82990625
1.4444444444444444,1.8888888888888888,5.0,1,5,1.7332361111111145,1.3888611111111102,0.52271875
1.0,2.333333333333333,5.0,1,5,1.7171666666666685,1.1956250000000002,0.82428125
1.4444444444444444,2.333333333333333,5.0,1,5,1.733097222222225,1.408861111111109,0.53040625
1.8888888888888888,2.333333333333333,5.0,1,5,1.7896944444444463,1.6237361111111093,0.52634375
1.0,2.7777777777777777,5.0,1,5,1.7495416666666737,1.1940277777777781,0.82715625
1.4444444444444444,2.7777777777777777,5.0,1,5,1.7755416666666657,1.412930555555557,0.52540625
1.8888888888888888,2.7777777777777777,5.0,1,5,1.8174583333333334,1.6357916666666663,0.53190625
2.333333333333333,2.7777777777777777,5.0,1,5,1.8470833333333347,1.8643750000000006,0.53040625
1.0,3.2222222222222223,5.0,1,5,1.774694444444437,1.19825,0.82253125
1.4444444444444444,3.2222222222222223,5.0,1,5,1.8096111111111093,1.4340972222222221,0.52071875
1.8888888888888888,3.2222222222222223,5.0,1,5,1.837291666666667,1.6500833333333351,0.53640625
2.333333333333333,3.2222222222222223,5.0,1,5,1.8419027777777788,1.878291666666668,0.5283125
2.7777777777777777,3.2222222222222223,5.0,1,5,1.885916666666666,2.0944444444444454,0.5316875
1.0,3.6666666666666665,5.0,1,5,1.7964583333333293,1.1945,0.82715625
1.4444444444444444,3.6666666666666665,5.0,1,5,1.8335694444444448,1.4415694444444467,0.53009375
1.8888888888888888,3.6666666666666665,5.0,1,5,1.8372499999999972,1.6571388888888905,0.52959375
2.333333333333333,3.6666666666666665,5.0,1,5,1.8634166666666647,1.886166666666666,0.52846875
2.7777777777777777,3.6666666666666665,5.0,1,5,1.907972222222222,2.110597222222222,0.5308125
3.2222222222222223,3.6666666666666665,5.0,1,5,1.9403611111111094,2.350125000000002,0.53640625
1.0,4.111111111111111,5.0,1,5,1.8389444444444307,1.1991944444444445,0.82875
1.4444444444444444,4.111111111111111,5.0,1,5,1.8521944444444427,1.4648055555555552,0.52896875
1.8888888888888888,4.111111111111111,5.0,1,5,1.855027777777774,1.665555555555555,0.52740625
2.333333333333333,4.111111111111111,5.0,1,5,1.8954722222222196,1.8906111111111124,0.52540625
2.7777777777777777,4.111111111111111,5.0,1,5,1.9218749999999982,2.114583333333334,0.5238125
3.2222222222222223,4.111111111111111,5.0,1,5,1.9291666666666645,2.350638888888885,0.5283125
3.6666666666666665,4.111111111111111,5.0,1,5,1.9630972222222225,2.5499027777777816,0.5248125
1.0,4.555555555555555,5.0,1,5,1.8690416666666456,1.2019722222222222,0.824
1.4444444444444444,4.555555555555555,5.0,1,5,1.8608055555555536,1.475402777777778,0.52915625
1.8888888888888888,4.555555555555555,5.0,1,5,1.8888749999999959,1.6751388888888878,0.527875
2.333333333333333,4.555555555555555,5.0,1,5,1.929986111111112,1.9067500000000008,0.531375
2.7777777777777777,4.555555555555555,5.0,1,5,1.9393888888888873,2.136194444444445,0.53021875
3.2222222222222223,4.555555555555555,5.0,1,5,1.955472222222221,2.366861111111108,0.53325
3.6666666666666665,4.555555555555555,5.0,1,5,2.032874999999997,2.564569444444446,0.526
4.111111111111111,4.555555555555555,5.0,1,5,2.016083333333331,2.7926388888888876,0.52684375
1.0,1.4444444444444444,5.555555555555555,1,5,1.690114583333346,1.1979583333333332,0.8258125
1.0,1.8888888888888888,5.555555555555555,1,5,1.7131319444444542,1.1911388888888887,0.827125
1.4444444444444444,1.8888888888888888,5.555555555555555,1,5,1.729295138888888,1.3918090277777777,0.524
1.0,2.333333333333333,5.555555555555555,1,5,1.738739583333334,1.1983333333333333,0.82165625
1.4444444444444444,2.333333333333333,5.555555555555555,1,5,1.767295138888892,1.398059027777778,0.52340625
1.8888888888888888,2.333333333333333,5.555555555555555,1,5,1.7800486111111096,1.6152604166666655,0.51821875
1.0,2.7777777777777777,5.555555555555555,1,5,1.7619930555555587,1.1934305555555556,0.8268125
1.4444444444444444,2.7777777777777777,5.555555555555555,1,5,1.7926250000000017,1.4141215277777799,0.5199375
1.8888888888888888,2.7777777777777777,5.555555555555555,1,5,1.7982152777777767,1.639222222222221,0.52196875
2.333333333333333,2.7777777777777777,5.555555555555555,1,5,1.8567569444444438,1.8531527777777774,0.522875
1.0,3.2222222222222223,5.555555555555555,1,5,1.7874965277777741,1.2038055555555556,0.8214375
1.4444444444444444,3.2222222222222223,5.555555555555555,1,5,1.8078020833333341,1.4339965277777766,0.53109375
1.8888888888888888,3.2222222222222223,5.555555555555555,1,5,1.8239270833333352,1.6407534722222237,0.52703125
2.333333333333333,3.2222222222222223,5.555555555555555,1,5,1.870993055555554,1.8668541666666651,0.52234375
2.7777777777777777,3.2222222222222223,5.555555555555555,1,5,1.8759722222222242,2.0839444444444464,0.5216875
1.0,3.6666666666666665,5.555555555555555,1,5,1.8221145833333299,1.1909583333333336,0.8223125
1.4444444444444444,3.6666666666666665,5.555555555555555,1,5,1.838111111111112,1.4426354166666673,0.5161875
1.8888888888888888,3.6666666666666665,5.555555555555555,1,5,1.8809097222222242,1.6609479166666672,0.52778125
2.333333333333333,3.6666666666666665,5.555555555555555,1,5,1.897583333333332,1.8918888888888914,0.532375
2.7777777777777777,3.6666666666666665,5.555555555555555,1,5,1.9022847222222248,2.092336805555555,0.515625
3.2222222222222223,3.6666666666666665,5.555555555555555,1,5,1.9386805555555535,2.319524305555555,0.5220625
1.0,4.111111111111111,5.555555555555555,1,5,1.8313611111111032,1.1974305555555553,0.82421875
1.4444444444444444,4.111111111111111,5.555555555555555,1,5,1.8649097222222248,1.4466979166666647,0.520375
1.8888888888888888,4.111111111111111,5.555555555555555,1,5,1.8790763888888893,1.6690763888888915,0.5226875
2.333333333333333,4.111111111111111,5.555555555555555,1,5,1.9191180555555545,1.8839652777777776,0.51803125
2.7777777777777777,4.111111111111111,5.555555555555555,1,5,1.9364618055555542,2.110083333333331,0.524625
3.2222222222222223,4.111111111111111,5.555555555555555,1,5,1.95251736111111,2.321493055555554,0.5175625
3.6666666666666665,4.111111111111111,5.555555555555555,1,5,1.9871944444444458,2.5430833333333354,0.51765625
1.0,4.555555555555555,5.555555555555555,1,5,1.8407187499999829,1.2025138888888887,0.818875
1.4444444444444444,4.555555555555555,5.555555555555555,1,5,1.8842673611111083,1.4606736111111103,0.51796875
1.8888888888888888,4.555555555555555,5.555555555555555,1,5,1.9031770833333301,1.6870833333333335,0.527625
2.333333333333333,4.555555555555555,5.555555555555555,1,5,1.9298715277777774,1.911013888888889,0.5209375
2.7777777777777777,4.555555555555555,5.555555555555555,1,5,1.9488576388888872,2.118517361111112,0.524375
3.2222222222222223,4.555555555555555,5.555555555555555,1,5,1.98939236111111,2.3333715277777793,0.519875
3.6666666666666665,4.555555555555555,5.555555555555555,1,5,2.023180555555553,2.5575694444444452,0.52359375
4.111111111111111,4.555555555555555,5.555555555555555,1,5,2.0122222222222237,2.79198263888889,0.52215625
1.0,5.0,5.555555555555555,1,5,1.8703749999999915,1.20275,0.8254375
1.4444444444444444,5.0,5.555555555555555,1,5,1.8991215277777842,1.5017430555555542,0.41175
1.8888888888888888,5.0,5.555555555555555,1,5,1.9419201388888954,1.6763159722222238,0.41184375
2.333333333333333,5.0,5.555555555555555,1,5,1.9610138888888855,1.8514548611111126,0.4071875
2.7777777777777777,5.0,5.555555555555555,1,5,1.9706388888888935,2.020076388888888,0.42059375
3.2222222222222223,5.0,5.555555555555555,1,5,1.9911284722222187,2.1783055555555553,0.4139375
3.6666666666666665,5.0,5.555555555555555,1,5,2.0391909722222157,2.3487187499999993,0.40671875
4.111111111111111,5.0,5.555555555555555,1,5,2.068166666666657,2.522416666666668,0.414125
4.555555555555555,5.0,5.555555555555555,1,5,2.0558854166666447,2.6868402777777796,0.41484375
1.0,1.4444444444444444,6.111111111111111,1,5,1.7053958333333412,1.1972083333333334,0.82625
1.0,1.8888888888888888,6.111111111111111,1,5,1.728986111111119,1.202597222222222,0.823625
1.4444444444444444,1.8888888888888888,6.111111111111111,1,5,1.7478541666666676,1.3965972222222232,0.5278125
1.0,2.333333333333333,6.111111111111111,1,5,1.739486111111111,1.2024583333333332,0.82571875
1.4444444444444444,2.333333333333333,6.111111111111111,1,5,1.7833749999999982,1.3974097222222206,0.522875
1.8888888888888888,2.333333333333333,6.111111111111111,1,5,1.8048263888888891,1.620736111111112,0.52665625
1.0,2.7777777777777777,6.111111111111111,1,5,1.7782916666666713,1.1974861111111113,0.829625
1.4444444444444444,2.7777777777777777,6.111111111111111,1,5,1.7806458333333346,1.4170833333333333,0.5325
1.8888888888888888,2.7777777777777777,6.111111111111111,1,5,1.8371249999999995,1.6385555555555535,0.5224375
2.333333333333333,2.7777777777777777,6.111111111111111,1,5,1.8396319444444444,1.844208333333333,0.517875
1.0,3.2222222222222223,6.111111111111111,1,5,1.77945833333333,1.198972222222222,0.82284375
1.4444444444444444,3.2222222222222223,6.111111111111111,1,5,1.8310347222222239,1.4215416666666678,0.5265625
1.8888888888888888,3.2222222222222223,6.111111111111111,1,5,1.8641944444444436,1.6429236111111136,0.52115625
2.333333333333333,3.2222222222222223,6.111111111111111,1,5,1.8784930555555572,1.87836111111111,0.52540625
2.7777777777777777,3.2222222222222223,6.111111111111111,1,5,1.9199375000000027,2.0876944444444434,0.52353125
1.0,3.6666666666666665,6.111111111111111,1,5,1.8233819444444452,1.198875,0.824375
1.4444444444444444,3.6666666666666665,6.111111111111111,1,5,1.8459166666666673,1.443861111111111,0.51628125
1.8888888888888888,3.6666666666666665,6.111111111111111,1,5,1.880194444444444,1.6658888888888894,0.5255
2.333333333333333,3.6666666666666665,6.111111111111111,1,5,1.904631944444447,1.878361111111111,0.5261875
2.7777777777777777,3.6666666666666665,6.111111111111111,1,5,1.9486319444444429,2.081284722222223,0.51490625
3.2222222222222223,3.6666666666666665,6.111111111111111,1,5,1.9395416666666667,2.324736111111112,0.52534375
1.0,4.111111111111111,6.111111111111111,1,5,1.8209861111110999,1.203166666666667,0.82246875
1.4444444444444444,4.111111111111111,6.111111111111111,1,5,1.8669791666666649,1.453451388888887,0.523625
1.8888888888888888,4.111111111111111,6.111111111111111,1,5,1.8745972222222196,1.6774861111111086,0.52590625
2.333333333333333,4.111111111111111,6.111111111111111,1,5,1.9294374999999995,1.8970763888888904,0.5221875
2.7777777777777777,4.111111111111111,6.111111111111111,1,5,1.9210416666666665,2.1063541666666663,0.5195625
3.2222222222222223,4.111111111111111,6.111111111111111,1,5,1.964680555555556,2.356770833333333,0.53190625
3.6666666666666665,4.111111111111111,6.111111111111111,1,5,1.9902291666666667,2.548131944444448,0.52309375
1.0,4.555555555555555,6.111111111111111,1,5,1.8726805555555448,1.2009583333333336,0.82628125
1.4444444444444444,4.555555555555555,6.111111111111111,1,5,1.8983611111111112,1.4781111111111127,0.52003125
1.8888888888888888,4.555555555555555,6.111111111111111,1,5,1.9139027777777757,1.694173611111108,0.52434375
2.333333333333333,4.555555555555555,6.111111111111111,1,5,1.9305624999999988,1.8977361111111126,0.51978125
2.7777777777777777,4.555555555555555,6.111111111111111,1,5,1.9707569444444435,2.122520833333333,0.518375
3.2222222222222223,4.555555555555555,6.111111111111111,1,5,1.9822152777777793,2.3342708333333344,0.52096875
3.6666666666666665,4.555555555555555,6.111111111111111,1,5,2.0141527777777792,2.5560833333333313,0.52028125
4.111111111111111,4.555555555555555,6.111111111111111,1,5,2.0575138888888875,2.7888958333333336,0.522875
1.0,5.0,6.111111111111111,1,5,1.8807291666666577,1.202875,0.82103125
1.4444444444444444,5.0,6.111111111111111,1,5,1.9139305555555632,1.4983888888888883,0.422125
1.8888888888888888,5.0,6.111111111111111,1,5,1.9313611111111164,1.6794375,0.40065625
2.333333333333333,5.0,6.111111111111111,1,5,1.9699999999999966,1.8462569444444425,0.418125
2.7777777777777777,5.0,6.111111111111111,1,5,1.9998333333333362,2.016145833333334,0.4125
3.2222222222222223,5.0,6.111111111111111,1,5,2.0368611111111052,2.1783611111111094,0.40953125
3.6666666666666665,5.0,6.111111111111111,1,5,2.023090277777778,2.3481111111111117,0.41634375
4.111111111111111,5.0,6.111111111111111,1,5,2.0832708333333207,2.504201388888888,0.40978125
4.555555555555555,5.0,6.111111111111111,1,5,2.1021736111110974,2.7087569444444446,0.42303125
1.0,1.4444444444444444,6.666666666666666,1,5,1.6947743055555646,1.1944166666666667,0.82565625
1.0,1.8888888888888888,6.666666666666666,1,5,1.7384965277777862,1.1895138888888892,0.8243125
1.4444444444444444,1.8888888888888888,6.666666666666666,1,5,1.7819687500000012,1.3972326388888898,0.52765625
1.0,2.333333333333333,6.666666666666666,1,5,1.7533020833333341,1.1874999999999998,0.82246875
1.4444444444444444,2.333333333333333,6.666666666666666,1,5,1.7885902777777762,1.3984409722222226,0.51925
1.8888888888888888,2.333333333333333,6.666666666666666,1,5,1.8018263888888848,1.6180416666666686,0.52190625
1.0,2.7777777777777777,6.666666666666666,1,5,1.7709756944444488,1.196611111111111,0.828375
1.4444444444444444,2.7777777777777777,6.666666666666666,1,5,1.8075243055555543,1.4220868055555547,0.5193125
1.8888888888888888,2.7777777777777777,6.666666666666666,1,5,1.8383298611111112,1.638,0.52590625
2.333333333333333,2.7777777777777777,6.666666666666666,1,5,1.8718888888888892,1.8517048611111113,0.51775
1.0,3.2222222222222223,6.666666666666666,1,5,1.8087499999999956,1.198402777777778,0.82334375
1.4444444444444444,3.2222222222222223,6.666666666666666,1,5,1.8330208333333338,1.4337256944444436,0.526875
1.8888888888888888,3.2222222222222223,6.666666666666666,1,5,1.8767604166666692,1.6558541666666649,0.5269375
2.333333333333333,3.2222222222222223,6.666666666666666,1,5,1.892315972222222,1.8521111111111115,0.52178125
2.7777777777777777,3.2222222222222223,6.666666666666666,1,5,1.9045000000000016,2.088982638888889,0.52234375
1.0,3.6666666666666665,6.666666666666666,1,5,1.8256874999999984,1.1945833333333333,0.82846875
1.4444444444444444,3.6666666666666665,6.666666666666666,1,5,1.872180555555555,1.443715277777777,0.520625
1.8888888888888888,3.6666666666666665,6.666666666666666,1,5,1.8810486111111118,1.6608298611111108,0.5203125
2.333333333333333,3.6666666666666665,6.666666666666666,1,5,1.9206041666666664,1.8794062499999988,0.52365625
2.7777777777777777,3.6666666666666665,6.666666666666666,1,5,1.9323090277777801,2.1020624999999984,0.5274375
3.2222222222222223,3.6666666666666665,6.666666666666666,1,5,1.9462256944444447,2.3172500000000036,0.52646875
1.0,4.111111111111111,6.666666666666666,1,5,1.8397951388888818,1.1948333333333334,0.8239375
1.4444444444444444,4.111111111111111,6.666666666666666,1,5,1.8789965277777771,1.4641979166666685,0.52203125
1.8888888888888888,4.111111111111111,6.666666666666666,1,5,1.8866944444444473,1.6717777777777765,0.52878125
2.333333333333333,4.111111111111111,6.666666666666666,1,5,1.9277048611111114,1.9116388888888878,0.52284375
2.7777777777777777,4.111111111111111,6.666666666666666,1,5,1.970059027777778,2.109086805555555,0.52078125
3.2222222222222223,4.111111111111111,6.666666666666666,1,5,1.9835243055555545,2.333097222222223,0.522125
3.6666666666666665,4.111111111111111,6.666666666666666,1,5,2.016024305555556,2.5602395833333356,0.52796875
1.0,4.555555555555555,6.666666666666666,1,5,1.887184027777769,1.1938888888888888,0.8258125
1.4444444444444444,4.555555555555555,6.666666666666666,1,5,1.9124861111111122,1.4752326388888903,0.52425
1.8888888888888888,4.555555555555555,6.666666666666666,1,5,1.9219027777777773,1.6826319444444484,0.52553125
2.333333333333333,4.555555555555555,6.666666666666666,1,5,1.9380763888888881,1.906854166666669,0.52203125
2.7777777777777777,4.555555555555555,6.666666666666666,1,5,2.0022847222222246,2.1113368055555566,0.5171875
3.2222222222222223,4.555555555555555,6.666666666666666,1,5,2.024079861111112,2.3537361111111115,0.52646875
3.6666666666666665,4.555555555555555,6.666666666666666,1,5,2.0442881944444444,2.568315972222221,0.52578125
4.111111111111111,4.555555555555555,6.666666666666666,1,5,2.0604687500000027,2.791708333333328,0.52678125
1.0,5.0,6.666666666666666,1,5,1.8728541666666627,1.199125,0.82209375
1.4444444444444444,5.0,6.666666666666666,1,5,1.9322743055555656,1.5009791666666668,0.417125
1.8888888888888888,5.0,6.666666666666666,1,5,1.9590520833333376,1.6765416666666637,0.40871875
2.333333333333333,5.0,6.666666666666666,1,5,1.9953541666666672,1.8411770833333339,0.42346875
2.7777777777777777,5.0,6.666666666666666,1,5,2.0169062500000035,2.005565972222222,0.41328125
3.2222222222222223,5.0,6.666666666666666,1,5,2.0392673611111056,2.154645833333334,0.405
3.6666666666666665,5.0,6.666666666666666,1,5,2.077479166666665,2.345604166666664,0.4145
4.111111111111111,5.0,6.666666666666666,1,5,2.0724513888888816,2.522190972222225,0.41196875
4.555555555555555,5.0,6.666666666666666,1,5,2.130371527777765,2.7040069444444423,0.41796875
1.0,1.4444444444444444,7.222222222222222,1,5,1.7264444444444507,1.2029583333333336,0.82184375
1.0,1.8888888888888888,7.222222222222222,1,5,1.7438194444444524,1.196486111111111,0.82675
1.4444444444444444,1.8888888888888888,7.222222222222222,1,5,1.7904027777777796,1.3890972222222209,0.524625
1.0,2.333333333333333,7.222222222222222,1,5,1.7586666666666675,1.1953750000000003,0.8245
1.4444444444444444,2.333333333333333,7.222222222222222,1,5,1.7987777777777776,1.3926249999999996,0.52309375
1.8888888888888888,2.333333333333333,7.222222222222222,1,5,1.8468888888888868,1.621555555555552,0.52665625
1.0,2.7777777777777777,7.222222222222222,1,5,1.7974444444444482,1.1982083333333333,0.8305
1.4444444444444444,2.7777777777777777,7.222222222222222,1,5,1.8165555555555548,1.4170833333333346,0.52803125
1.8888888888888888,2.7777777777777777,7.222222222222222,1,5,1.8603472222222206,1.6405555555555567,0.52003125
2.333333333333333,2.7777777777777777,7.222222222222222,1,5,1.8727916666666662,1.853972222222221,0.526125
1.0,3.2222222222222223,7.222222222222222,1,5,1.808541666666659,1.1949305555555556,0.82528125
1.4444444444444444,3.2222222222222223,7.222222222222222,1,5,1.853027777777779,1.4388333333333334,0.527
1.8888888888888888,3.2222222222222223,7.222222222222222,1,5,1.8536666666666686,1.6435000000000008,0.52134375
2.333333333333333,3.2222222222222223,7.222222222222222,1,5,1.9064583333333323,1.8779722222222215,0.53028125
2.7777777777777777,3.2222222222222223,7.222222222222222,1,5,1.9375000000000009,2.098750000000002,0.52603125
1.0,3.6666666666666665,7.222222222222222,1,5,1.812083333333333,1.2021666666666668,0.82384375
1.4444444444444444,3.6666666666666665,7.222222222222222,1,5,1.8713611111111117,1.4465138888888887,0.52809375
1.8888888888888888,3.6666666666666665,7.222222222222222,1,5,1.9097083333333333,1.646805555555557,0.51678125
2.333333333333333,3.6666666666666665,7.222222222222222,1,5,1.9285694444444406,1.8958055555555573,0.5295
2.7777777777777777,3.6666666666666665,7.222222222222222,1,5,1.9536805555555559,2.0997777777777804,0.5248125
3.2222222222222223,3.6666666666666665,7.222222222222222,1,5,1.9611944444444427,2.3215138888888887,0.524625
1.0,4.111111111111111,7.222222222222222,1,5,1.861388888888877,1.2008194444444444,0.82371875
1.4444444444444444,4.111111111111111,7.222222222222222,1,5,1.89768055555556,1.4415694444444442,0.528625
1.8888888888888888,4.111111111111111,7.222222222222222,1,5,1.899972222222222,1.6680694444444466,0.5198125
2.333333333333333,4.111111111111111,7.222222222222222,1,5,1.9518194444444457,1.903652777777777,0.52434375
2.7777777777777777,4.111111111111111,7.222222222222222,1,5,1.9665277777777774,2.108638888888889,0.5226875
3.2222222222222223,4.111111111111111,7.222222222222222,1,5,2.016888888888888,2.333652777777776,0.523
3.6666666666666665,4.111111111111111,7.222222222222222,1,5,2.025041666666668,2.540444444444446,0.52178125
1.0,4.555555555555555,7.222222222222222,1,5,1.8925972222222172,1.1910694444444443,0.82575
1.4444444444444444,4.555555555555555,7.222222222222222,1,5,1.9136666666666686,1.4659305555555555,0.52471875
1.8888888888888888,4.555555555555555,7.222222222222222,1,5,1.9305000000000012,1.6814027777777774,0.518375
2.333333333333333,4.555555555555555,7.222222222222222,1,5,1.9816805555555532,1.8970555555555557,0.51728125
2.7777777777777777,4.555555555555555,7.222222222222222,1,5,2.0025000000000004,2.1101944444444447,0.51909375
3.2222222222222223,4.555555555555555,7.222222222222222,1,5,2.032861111111111,2.334791666666666,0.52153125
3.6666666666666665,4.555555555555555,7.222222222222222,1,5,2.0217777777777797,2.5648611111111115,0.52315625
4.111111111111111,4.555555555555555,7.222222222222222,1,5,2.074472222222225,2.773180555555558,0.51940625
1.0,5.0,7.222222222222222,1,5,1.9206805555555473,1.182,0.82596875
1.4444444444444444,5.0,7.222222222222222,1,5,1.950736111111119,1.5295000000000012,0.4189375
1.8888888888888888,5.0,7.222222222222222,1,5,1.949097222222227,1.6712222222222215,0.416875
2.333333333333333,5.0,7.222222222222222,1,5,1.9964583333333314,1.850805555555554,0.41665625
2.7777777777777777,5.0,7.222222222222222,1,5,2.0322916666666697,2.002791666666665,0.4066875
3.2222222222222223,5.0,7.222222222222222,1,5,2.0439166666666595,2.1823055555555517,0.41165625
3.6666666666666665,5.0,7.222222222222222,1,5,2.0656805555555495,2.366416666666666,0.4205
4.111111111111111,5.0,7.222222222222222,1,5,2.0933888888888843,2.5131805555555577,0.41134375
4.555555555555555,5.0,7.222222222222222,1,5,2.120541666666656,2.716055555555553,0.42046875
1.0,1.4444444444444444,7.777777777777778,1,5,1.7392673611111205,1.1869583333333336,0.8215
1.0,1.8888888888888888,7.777777777777778,1,5,1.7776770833333404,1.196,0.82259375
1.4444444444444444,1.8888888888888888,7.777777777777778,1,5,1.8127187500000026,1.3904861111111113,0.52834375
1.0,2.333333333333333,7.777777777777778,1,5,1.7927222222222223,1.198291666666667,0.82671875
1.4444444444444444,2.333333333333333,7.777777777777778,1,5,1.820399305555557,1.4046041666666662,0.52209375
1.8888888888888888,2.333333333333333,7.777777777777778,1,5,1.85659375,1.6331597222222223,0.5301875
1.0,2.7777777777777777,7.777777777777778,1,5,1.8007708333333392,1.1948749999999997,0.824875
1.4444444444444444,2.7777777777777777,7.777777777777778,1,5,1.8144236111111107,1.4083368055555554,0.53046875
1.8888888888888888,2.7777777777777777,7.777777777777778,1,5,1.8782777777777782,1.635027777777778,0.5165625
2.333333333333333,2.7777777777777777,7.777777777777778,1,5,1.8961527777777791,1.856565972222223,0.52640625
1.0,3.2222222222222223,7.777777777777778,1,5,1.8298263888888824,1.1964305555555552,0.82603125
1.4444444444444444,3.2222222222222223,7.777777777777778,1,5,1.8592881944444455,1.4264826388888892,0.53071875
1.8888888888888888,3.2222222222222223,7.777777777777778,1,5,1.8828125,1.6527152777777756,0.5279375
2.333333333333333,3.2222222222222223,7.777777777777778,1,5,1.929704861111111,1.873312499999999,0.52771875
2.7777777777777777,3.2222222222222223,7.777777777777778,1,5,1.930375,2.0862743055555555,0.52125
1.0,3.6666666666666665,7.777777777777778,1,5,1.8456458333333308,1.2004166666666667,0.81775
1.4444444444444444,3.6666666666666665,7.777777777777778,1,5,1.8682673611111114,1.431177083333333,0.517875
1.8888888888888888,3.6666666666666665,7.777777777777778,1,5,1.899916666666669,1.6561493055555554,0.520625
2.333333333333333,3.6666666666666665,7.777777777777778,1,5,1.937979166666665,1.8916979166666643,0.5291875
2.7777777777777777,3.6666666666666665,7.777777777777778,1,5,1.9606527777777796,2.1036180555555504,0.52525
3.2222222222222223,3.6666666666666665,7.777777777777778,1,5,1.9933055555555563,2.3251354166666665,0.52359375
1.0,4.111111111111111,7.777777777777778,1,5,1.880968749999995,1.1950277777777778,0.82075
1.4444444444444444,4.111111111111111,7.777777777777778,1,5,1.8973680555555563,1.455086805555554,0.5204375
1.8888888888888888,4.111111111111111,7.777777777777778,1,5,1.9437118055555582,1.6721631944444453,0.5195625
2.333333333333333,4.111111111111111,7.777777777777778,1,5,1.945090277777779,1.8921805555555544,0.5175625
2.7777777777777777,4.111111111111111,7.777777777777778,1,5,1.9712291666666684,2.112489583333336,0.52209375
3.2222222222222223,4.111111111111111,7.777777777777778,1,5,2.01776736111111,2.3446597222222225,0.52853125
3.6666666666666665,4.111111111111111,7.777777777777778,1,5,2.012829861111111,2.5557534722222197,0.52275
1.0,4.555555555555555,7.777777777777778,1,5,1.8742499999999929,1.192736111111111,0.82871875
1.4444444444444444,4.555555555555555,7.777777777777778,1,5,1.91383333333334,1.4644652777777782,0.5185625
1.8888888888888888,4.555555555555555,7.777777777777778,1,5,1.9565590277777796,1.684465277777779,0.52925
2.333333333333333,4.555555555555555,7.777777777777778,1,5,1.972600694444445,1.9052569444444443,0.52353125
2.7777777777777777,4.555555555555555,7.777777777777778,1,5,2.0009965277777764,2.131708333333335,0.526625
3.2222222222222223,4.555555555555555,7.777777777777778,1,5,2.032097222222223,2.3571770833333314,0.52790625
3.6666666666666665,4.555555555555555,7.777777777777778,1,5,2.0587222222222255,2.573003472222224,0.5250625
4.111111111111111,4.555555555555555,7.777777777777778,1,5,2.0918263888888915,2.770996527777775,0.51678125
1.0,5.0,7.777777777777778,1,5,1.9265416666666735,1.196375,0.824125
1.4444444444444444,5.0,7.777777777777778,1,5,1.9176666666666733,1.5088229166666658,0.42434375
1.8888888888888888,5.0,7.777777777777778,1,5,1.9607708333333431,1.667552083333332,0.40703125
2.333333333333333,5.0,7.777777777777778,1,5,2.0073993055555603,1.8567152777777796,0.40896875
2.7777777777777777,5.0,7.777777777777778,1,5,2.0183472222222285,2.0161805555555548,0.41634375
3.2222222222222223,5.0,7.777777777777778,1,5,2.0411805555555516,2.176531250000002,0.4065625
3.6666666666666665,5.0,7.777777777777778,1,5,2.084937500000004,2.3312534722222216,0.40846875
4.111111111111111,5.0,7.777777777777778,1,5,2.098895833333331,2.546954861111112,0.42384375
4.555555555555555,5.0,7.777777777777778,1,5,2.110475694444439,2.7036284722222232,0.41740625
1.0,1.4444444444444444,8.333333333333332,1,5,1.7362013888889,1.1909166666666666,0.8221875
1.0,1.8888888888888888,8.333333333333332,1,5,1.7645486111111188,1.1925416666666668,0.82534375
1.4444444444444444,1.8888888888888888,8.333333333333332,1,5,1.7966944444444426,1.3860972222222214,0.518875
1.0,2.333333333333333,8.333333333333332,1,5,1.7938541666666707,1.1899583333333335,0.826875
1.4444444444444444,2.333333333333333,8.333333333333332,1,5,1.8364166666666666,1.4054583333333321,0.51996875
1.8888888888888888,2.333333333333333,8.333333333333332,1,5,1.8421666666666632,1.614986111111112,0.51278125
1.0,2.7777777777777777,8.333333333333332,1,5,1.8233333333333372,1.1969722222222223,0.8276875
1.4444444444444444,2.7777777777777777,8.333333333333332,1,5,1.8464583333333338,1.416993055555557,0.52090625
1.8888888888888888,2.7777777777777777,8.333333333333332,1,5,1.866493055555556,1.6307499999999988,0.52625
2.333333333333333,2.7777777777777777,8.333333333333332,1,5,1.875868055555555,1.8569513888888936,0.52309375
1.0,3.2222222222222223,8.333333333333332,1,5,1.8373819444444373,1.1982361111111113,0.82284375
1.4444444444444444,3.2222222222222223,8.333333333333332,1,5,1.871354166666665,1.4260555555555556,0.52484375
1.8888888888888888,3.2222222222222223,8.333333333333332,1,5,1.8865763888888902,1.6517986111111098,0.52640625
2.333333333333333,3.2222222222222223,8.333333333333332,1,5,1.9240833333333347,1.874006944444445,0.5220625
2.7777777777777777,3.2222222222222223,8.333333333333332,1,5,1.941951388888892,2.0933125000000015,0.52365625
1.0,3.6666666666666665,8.333333333333332,1,5,1.8584166666666662,1.1945416666666668,0.82584375
1.4444444444444444,3.6666666666666665,8.333333333333332,1,5,1.884888888888892,1.4385972222222216,0.52715625
1.8888888888888888,3.6666666666666665,8.333333333333332,1,5,1.9132500000000026,1.6603333333333328,0.51834375
2.333333333333333,3.6666666666666665,8.333333333333332,1,5,1.948666666666667,1.8828541666666674,0.52690625
2.7777777777777777,3.6666666666666665,8.333333333333332,1,5,1.969583333333335,2.093993055555558,0.51803125
3.2222222222222223,3.6666666666666665,8.333333333333332,1,5,1.9878263888888874,2.3164166666666683,0.5215625
1.0,4.111111111111111,8.333333333333332,1,5,1.9084097222222138,1.1910138888888888,0.8254375
1.4444444444444444,4.111111111111111,8.333333333333332,1,5,1.8847847222222283,1.4581805555555545,0.51671875
1.8888888888888888,4.111111111111111,8.333333333333332,1,5,1.9282013888888903,1.6700555555555543,0.52575
2.333333333333333,4.111111111111111,8.333333333333332,1,5,1.9906666666666681,1.8916736111111097,0.52746875
2.7777777777777777,4.111111111111111,8.333333333333332,1,5,1.9956388888888894,2.1026458333333324,0.5226875
3.2222222222222223,4.111111111111111,8.333333333333332,1,5,2.0260069444444464,2.3267777777777767,0.51796875
3.6666666666666665,4.111111111111111,8.333333333333332,1,5,2.0391111111111138,2.536173611111113,0.51625
1.0,4.555555555555555,8.333333333333332,1,5,1.9164513888888832,1.2013194444444444,0.82546875
1.4444444444444444,4.555555555555555,8.333333333333332,1,5,1.9363680555555594,1.4452986111111115,0.5211875
1.8888888888888888,4.555555555555555,8.333333333333332,1,5,1.9642083333333364,1.6737777777777787,0.51878125
2.333333333333333,4.555555555555555,8.333333333333332,1,5,1.9909374999999978,1.9118749999999975,0.52675
2.7777777777777777,4.555555555555555,8.333333333333332,1,5,2.019374999999997,2.1207569444444454,0.51871875
3.2222222222222223,4.555555555555555,8.333333333333332,1,5,2.0412361111111106,2.3319305555555547,0.52103125
3.6666666666666665,4.555555555555555,8.333333333333332,1,5,2.0677986111111117,2.5345555555555555,0.510375
4.111111111111111,4.555555555555555,8.333333333333332,1,5,2.0809583333333364,2.8004374999999984,0.52775
1.0,5.0,8.333333333333332,1,5,1.9382916666666714,1.197,0.81996875
1.4444444444444444,5.0,8.333333333333332,1,5,1.9675555555555657,1.4895972222222233,0.42040625
1.8888888888888888,5.0,8.333333333333332,1,5,1.9879027777777785,1.6797986111111132,0.41040625
2.333333333333333,5.0,8.333333333333332,1,5,2.0028958333333367,1.8344166666666657,0.41759375
2.7777777777777777,5.0,8.333333333333332,1,5,2.028687500000007,2.0120625000000025,0.4075625
3.2222222222222223,5.0,8.333333333333332,1,5,2.0495416666666624,2.2080763888888884,0.4194375
3.6666666666666665,5.0,8.333333333333332,1,5,2.1097708333333327,2.353729166666667,0.41603125
4.111111111111111,5.0,8.333333333333332,1,5,2.101513888888882,2.5155555555555567,0.40978125
4.555555555555555,5.0,8.333333333333332,1,5,2.1713611111111017,2.6810138888888884,0.4106875
1.0,1.4444444444444444,8.88888888888889,1,5,1.7504062500000122,1.1996111111111112,0.82534375
1.0,1.8888888888888888,8.88888888888889,1,5,1.7991527777777871,1.1927638888888892,0.82428125
1.4444444444444444,1.8888888888888888,8.88888888888889,1,5,1.8235451388888884,1.3957604166666677,0.52584375
1.0,2.333333333333333,8.88888888888889,1,5,1.7915520833333314,1.1977500000000003,0.8213125
1.4444444444444444,2.333333333333333,8.88888888888889,1,5,1.821753472222221,1.3941111111111093,0.51446875
1.8888888888888888,2.333333333333333,8.88888888888889,1,5,1.8663229166666675,1.623284722222225,0.5206875
1.0,2.7777777777777777,8.88888888888889,1,5,1.8147812500000033,1.1991666666666667,0.82815625
1.4444444444444444,2.7777777777777777,8.88888888888889,1,5,1.8668437500000012,1.411538194444444,0.52446875
1.8888888888888888,2.7777777777777777,8.88888888888889,1,5,1.8800902777777773,1.648777777777776,0.5253125
2.333333333333333,2.7777777777777777,8.88888888888889,1,5,1.922083333333336,1.8467673611111068,0.51878125
1.0,3.2222222222222223,8.88888888888889,1,5,1.8461006944444385,1.189861111111111,0.828125
1.4444444444444444,3.2222222222222223,8.88888888888889,1,5,1.9212673611111144,1.4285937500000014,0.5270625
1.8888888888888888,3.2222222222222223,8.88888888888889,1,5,1.9072604166666662,1.6475972222222222,0.5235625
2.333333333333333,3.2222222222222223,8.88888888888889,1,5,1.9258437500000003,1.8698645833333356,0.5266875
2.7777777777777777,3.2222222222222223,8.88888888888889,1,5,1.9475520833333342,2.085802083333335,0.5238125
1.0,3.6666666666666665,8.88888888888889,1,5,1.8708368055555513,1.190125,0.82990625
1.4444444444444444,3.6666666666666665,8.88888888888889,1,5,1.88119791666667,1.445434027777779,0.52946875
1.8888888888888888,3.6666666666666665,8.88888888888889,1,5,1.9108750000000005,1.6554027777777762,0.520375
2.333333333333333,3.6666666666666665,8.88888888888889,1,5,1.9605034722222217,1.8877326388888898,0.52853125
2.7777777777777777,3.6666666666666665,8.88888888888889,1,5,1.969402777777779,2.1109479166666647,0.52984375
3.2222222222222223,3.6666666666666665,8.88888888888889,1,5,2.009114583333335,2.324729166666669,0.52578125
1.0,4.111111111111111,8.88888888888889,1,5,1.8909861111110975,1.2010277777777776,0.82209375
1.4444444444444444,4.111111111111111,8.88888888888889,1,5,1.9217881944444473,1.4504861111111127,0.517875
1.8888888888888888,4.111111111111111,8.88888888888889,1,5,1.9389583333333351,1.669583333333332,0.524625
2.333333333333333,4.111111111111111,8.88888888888889,1,5,1.9512708333333337,1.9033611111111106,0.5325625
2.7777777777777777,4.111111111111111,8.88888888888889,1,5,1.997954861111113,2.098326388888892,0.51521875
3.2222222222222223,4.111111111111111,8.88888888888889,1,5,2.0316145833333334,2.3404722222222216,0.52628125
3.6666666666666665,4.111111111111111,8.88888888888889,1,5,2.0636284722222253,2.5543715277777745,0.52603125
1.0,4.555555555555555,8.88888888888889,1,5,1.9315520833333233,1.207263888888889,0.81790625
1.4444444444444444,4.555555555555555,8.88888888888889,1,5,1.9410208333333385,1.4753020833333332,0.5188125
1.8888888888888888,4.555555555555555,8.88888888888889,1,5,1.9452152777777825,1.6769652777777762,0.5255
2.333333333333333,4.555555555555555,8.88888888888889,1,5,1.983020833333332,1.8939652777777771,0.51165625
2.7777777777777777,4.555555555555555,8.88888888888889,1,5,2.0280277777777758,2.1420624999999998,0.5250625
3.2222222222222223,4.555555555555555,8.88888888888889,1,5,2.0613402777777794,2.334506944444445,0.5196875
3.6666666666666665,4.555555555555555,8.88888888888889,1,5,2.0945694444444416,2.563979166666668,0.52153125
4.111111111111111,4.555555555555555,8.88888888888889,1,5,2.076434027777776,2.802618055555559,0.52759375
1.0,5.0,8.88888888888889,1,5,1.9189027777777885,1.198625,0.8198125
1.4444444444444444,5.0,8.88888888888889,1,5,1.9728194444444582,1.514083333333333,0.40884375
1.8888888888888888,5.0,8.88888888888889,1,5,1.9953055555555668,1.6861493055555565,0.413
2.333333333333333,5.0,8.88888888888889,1,5,2.0412395833333346,1.8615868055555587,0.4203125
2.7777777777777777,5.0,8.88888888888889,1,5,2.065888888888892,2.0221562500000005,0.41990625
3.2222222222222223,5.0,8.88888888888889,1,5,2.074513888888884,2.178465277777778,0.410125
3.6666666666666665,5.0,8.88888888888889,1,5,2.110069444444448,2.3576909722222212,0.41603125
4.111111111111111,5.0,8.88888888888889,1,5,2.118944444444438,2.5249270833333277,0.414
4.555555555555555,5.0,8.88888888888889,1,5,2.139059027777774,2.687326388888888,0.41440625
1.0,1.4444444444444444,9.444444444444445,1,5,1.782555555555571,1.1994027777777778,0.82453125
1.0,1.8888888888888888,9.444444444444445,1,5,1.7949444444444511,1.187111111111111,0.82271875
1.4444444444444444,1.8888888888888888,9.444444444444445,1,5,1.8050972222222212,1.384180555555556,0.52534375
1.0,2.333333333333333,9.444444444444445,1,5,1.8343611111111107,1.200875,0.82428125
1.4444444444444444,2.333333333333333,9.444444444444445,1,5,1.8535138888888907,1.3977499999999978,0.52346875
1.8888888888888888,2.333333333333333,9.444444444444445,1,5,1.8738888888888876,1.6149166666666666,0.51921875
1.0,2.7777777777777777,9.444444444444445,1,5,1.8149166666666703,1.1969027777777776,0.82909375
1.4444444444444444,2.7777777777777777,9.444444444444445,1,5,1.870541666666664,1.4217499999999992,0.51703125
1.8888888888888888,2.7777777777777777,9.444444444444445,1,5,1.9047638888888903,1.6283888888888889,0.5174375
2.333333333333333,2.7777777777777777,9.444444444444445,1,5,1.904097222222227,1.8599583333333312,0.5246875
1.0,3.2222222222222223,9.444444444444445,1,5,1.8561944444444403,1.1990555555555553,0.823
1.4444444444444444,3.2222222222222223,9.444444444444445,1,5,1.8636527777777796,1.4385972222222223,0.52409375
1.8888888888888888,3.2222222222222223,9.444444444444445,1,5,1.9324166666666658,1.654180555555553,0.52853125
2.333333333333333,3.2222222222222223,9.444444444444445,1,5,1.9490138888888873,1.8707500000000032,0.52571875
2.7777777777777777,3.2222222222222223,9.444444444444445,1,5,1.9666944444444476,2.076680555555556,0.52075
1.0,3.6666666666666665,9.444444444444445,1,5,1.877958333333332,1.200625,0.8239375
1.4444444444444444,3.6666666666666665,9.444444444444445,1,5,1.9001388888888895,1.438208333333335,0.52515625
1.8888888888888888,3.6666666666666665,9.444444444444445,1,5,1.9511388888888856,1.6541666666666648,0.5225625
2.333333333333333,3.6666666666666665,9.444444444444445,1,5,1.9660000000000022,1.876097222222224,0.52096875
2.7777777777777777,3.6666666666666665,9.444444444444445,1,5,1.9810416666666668,2.1023750000000003,0.5206875
3.2222222222222223,3.6666666666666665,9.444444444444445,1,5,2.0239583333333324,2.3119583333333367,0.5209375
1.0,4.111111111111111,9.444444444444445,1,5,1.900097222222211,1.1920694444444444,0.8224375
1.4444444444444444,4.111111111111111,9.444444444444445,1,5,1.9521805555555583,1.4492777777777783,0.526375
1.8888888888888888,4.111111111111111,9.444444444444445,1,5,1.9660000000000009,1.671958333333334,0.51528125
2.333333333333333,4.111111111111111,9.444444444444445,1,5,1.9949722222222213,1.8945277777777791,0.5199375
2.7777777777777777,4.111111111111111,9.444444444444445,1,5,2.0150555555555556,2.128166666666666,0.5270625
3.2222222222222223,4.111111111111111,9.444444444444445,1,5,2.0403472222222256,2.332680555555555,0.52490625
3.6666666666666665,4.111111111111111,9.444444444444445,1,5,2.093319444444443,2.561791666666667,0.52671875
1.0,4.555555555555555,9.444444444444445,1,5,1.9249861111111006,1.1984861111111111,0.8270625
1.4444444444444444,4.555555555555555,9.444444444444445,1,5,1.9782500000000045,1.4612777777777783,0.51996875
1.8888888888888888,4.555555555555555,9.444444444444445,1,5,1.996694444444446,1.6841944444444423,0.522875
2.333333333333333,4.555555555555555,9.444444444444445,1,5,2.0099999999999993,1.9193333333333304,0.5255625
2.7777777777777777,4.555555555555555,9.444444444444445,1,5,2.0132500000000015,2.1296527777777765,0.52284375
3.2222222222222223,4.555555555555555,9.444444444444445,1,5,2.1004861111111146,2.342027777777779,0.52075
3.6666666666666665,4.555555555555555,9.444444444444445,1,5,2.083763888888887,2.5692361111111124,0.523625
4.111111111111111,4.555555555555555,9.444444444444445,1,5,2.102652777777776,2.8088888888888905,0.52921875
1.0,5.0,9.444444444444445,1,5,1.9466805555555633,1.203,0.82040625
1.4444444444444444,5.0,9.444444444444445,1,5,1.9805277777777994,1.5065972222222226,0.41028125
1.8888888888888888,5.0,9.444444444444445,1,5,2.011361111111122,1.6922361111111104,0.413625
2.333333333333333,5.0,9.444444444444445,1,5,2.021027777777783,1.8445416666666667,0.4095
2.7777777777777777,5.0,9.444444444444445,1,5,2.0759583333333382,2.0282638888888864,0.41715625
3.2222222222222223,5.0,9.444444444444445,1,5,2.0901111111111073,2.1777500000000023,0.41165625
3.6666666666666665,5.0,9.444444444444445,1,5,2.1170416666666703,2.343152777777776,0.40925
4.111111111111111,5.0,9.444444444444445,1,5,2.1778194444444385,2.5577499999999986,0.4225
4.555555555555555,5.0,9.444444444444445,1,5,2.1614027777777673,2.695666666666669,0.41553125
1.0,1.4444444444444444,10.0,1,5,1.7961597222222403,1.1908194444444444,0.82503125
1.0,1.8888888888888888,10.0,1,5,1.7943263888889034,1.1908055555555557,0.8225625
1.4444444444444444,1.8888888888888888,10.0,1,5,1.8232777777777813,1.3929131944444457,0.51878125
1.0,2.333333333333333,10.0,1,5,1.8302604166666687,1.1942916666666665,0.82646875
1.4444444444444444,2.333333333333333,10.0,1,5,1.856645833333335,1.4014166666666679,0.5261875
1.8888888888888888,2.333333333333333,10.0,1,5,1.877687499999998,1.6190833333333323,0.5185
1.0,2.7777777777777777,10.0,1,5,1.842934027777786,1.197847222222222,0.8255625
1.4444444444444444,2.7777777777777777,10.0,1,5,1.8598854166666676,1.4226944444444443,0.5214375
1.8888888888888888,2.7777777777777777,10.0,1,5,1.9167430555555587,1.6330590277777772,0.5215625
2.333333333333333,2.7777777777777777,10.0,1,5,1.9193645833333366,1.8527222222222224,0.5221875
1.0,3.2222222222222223,10.0,1,5,1.865076388888883,1.1976666666666667,0.81834375
1.4444444444444444,3.2222222222222223,10.0,1,5,1.926732638888891,1.4305451388888872,0.528875
1.8888888888888888,3.2222222222222223,10.0,1,5,1.9341458333333321,1.6504722222222201,0.52309375
2.333333333333333,3.2222222222222223,10.0,1,5,1.9515694444444427,1.8734409722222203,0.52240625
2.7777777777777777,3.2222222222222223,10.0,1,5,2.029093749999997,2.0889965277777782,0.5210625
1.0,3.6666666666666665,10.0,1,5,1.898666666666665,1.1915833333333332,0.82178125
1.4444444444444444,3.6666666666666665,10.0,1,5,1.940361111111111,1.4382291666666671,0.5238125
1.8888888888888888,3.6666666666666665,10.0,1,5,1.9722708333333323,1.6829027777777774,0.52171875
2.333333333333333,3.6666666666666665,10.0,1,5,1.9772500000000013,1.8703958333333333,0.51771875
2.7777777777777777,3.6666666666666665,10.0,1,5,2.008527777777777,2.097333333333332,0.52084375
3.2222222222222223,3.6666666666666665,10.0,1,5,2.0243749999999965,2.3277951388888884,0.52459375
1.0,4.111111111111111,10.0,1,5,1.9218854166666532,1.2084861111111111,0.8241875
1.4444444444444444,4.111111111111111,10.0,1,5,1.9522395833333301,1.4558437500000005,0.5204375
1.8888888888888888,4.111111111111111,10.0,1,5,1.9929861111111076,1.6661319444444438,0.529375
2.333333333333333,4.111111111111111,10.0,1,5,1.9806006944444452,1.8953923611111123,0.52290625
2.7777777777777777,4.111111111111111,10.0,1,5,2.0219131944444433,2.1126631944444454,0.522
3.2222222222222223,4.111111111111111,10.0,1,5,2.045822916666664,2.3244305555555553,0.52140625
3.6666666666666665,4.111111111111111,10.0,1,5,2.087479166666667,2.5564652777777774,0.5220625
1.0,4.555555555555555,10.0,1,5,1.9267361111110919,1.1965833333333333,0.82165625
1.4444444444444444,4.555555555555555,10.0,1,5,1.950940972222221,1.4678020833333312,0.5231875
1.8888888888888888,4.555555555555555,10.0,1,5,1.9857499999999975,1.684503472222224,0.5231875
2.333333333333333,4.555555555555555,10.0,1,5,2.0427048611111065,1.9047013888888884,0.529
2.7777777777777777,4.555555555555555,10.0,1,5,2.040041666666666,2.1227465277777786,0.523125
3.2222222222222223,4.555555555555555,10.0,1,5,2.0684236111111094,2.3313958333333322,0.51828125
3.6666666666666665,4.555555555555555,10.0,1,5,2.1286805555555546,2.5617604166666634,0.5233125
4.111111111111111,4.555555555555555,10.0,1,5,2.118590277777774,2.7878298611111108,0.5231875
1.0,5.0,10.0,1,5,1.94215625,1.19875,0.82215625
1.4444444444444444,5.0,10.0,1,5,1.9833333333333512,1.5288888888888914,0.40684375
1.8888888888888888,5.0,10.0,1,5,2.0202222222222375,1.6716597222222198,0.40584375
2.333333333333333,5.0,10.0,1,5,2.017583333333335,1.855104166666666,0.41275
2.7777777777777777,5.0,10.0,1,5,2.0580208333333427,2.0205624999999996,0.41315625
3.2222222222222223,5.0,10.0,1,5,2.1054722222222124,2.1850659722222217,0.41346875
3.6666666666666665,5.0,10.0,1,5,2.129166666666664,2.357187499999999,0.41465625
4.111111111111111,5.0,10.0,1,5,2.163281249999985,2.5333368055555594,0.41425
4.555555555555555,5.0,10.0,1,5,2.1907187499999856,2.6651805555555543,0.40278125
